-- MySQL dump 10.14  Distrib 5.5.44-MariaDB, for debian-linux-gnu (x86_64)
--
-- Host: localhost    Database: always
-- ------------------------------------------------------
-- Server version	5.5.44-MariaDB-1ubuntu0.14.04.1-log

/*!40101 SET @OLD_CHARACTER_SET_CLIENT=@@CHARACTER_SET_CLIENT */;
/*!40101 SET @OLD_CHARACTER_SET_RESULTS=@@CHARACTER_SET_RESULTS */;
/*!40101 SET @OLD_COLLATION_CONNECTION=@@COLLATION_CONNECTION */;
/*!40101 SET NAMES utf8 */;
/*!40103 SET @OLD_TIME_ZONE=@@TIME_ZONE */;
/*!40103 SET TIME_ZONE='+00:00' */;
/*!40014 SET @OLD_UNIQUE_CHECKS=@@UNIQUE_CHECKS, UNIQUE_CHECKS=0 */;
/*!40014 SET @OLD_FOREIGN_KEY_CHECKS=@@FOREIGN_KEY_CHECKS, FOREIGN_KEY_CHECKS=0 */;
/*!40101 SET @OLD_SQL_MODE=@@SQL_MODE, SQL_MODE='NO_AUTO_VALUE_ON_ZERO' */;
/*!40111 SET @OLD_SQL_NOTES=@@SQL_NOTES, SQL_NOTES=0 */;

--
-- Table structure for table `addresses`
--

DROP TABLE IF EXISTS `addresses`;
/*!40101 SET @saved_cs_client     = @@character_set_client */;
/*!40101 SET character_set_client = utf8 */;
CREATE TABLE `addresses` (
  `id` int(10) unsigned NOT NULL AUTO_INCREMENT,
  `address` varchar(255) COLLATE utf8_unicode_ci NOT NULL,
  `customer_id` int(10) unsigned NOT NULL,
  `is_active` tinyint(1) NOT NULL,
  `created_at` timestamp NOT NULL DEFAULT CURRENT_TIMESTAMP ON UPDATE CURRENT_TIMESTAMP,
  `updated_at` timestamp NOT NULL DEFAULT '0000-00-00 00:00:00',
  PRIMARY KEY (`id`)
) ENGINE=InnoDB AUTO_INCREMENT=443 DEFAULT CHARSET=utf8 COLLATE=utf8_unicode_ci;
/*!40101 SET character_set_client = @saved_cs_client */;

--
-- Dumping data for table `addresses`
--

LOCK TABLES `addresses` WRITE;
/*!40000 ALTER TABLE `addresses` DISABLE KEYS */;
INSERT INTO `addresses` VALUES (1,'443 Jaskolski View\nWunschmouth, KY 46454-0287',1,0,'2016-01-17 09:36:52','2016-01-17 09:36:52'),(2,'02133 Rice Motorway Apt. 010\nOdessahaven, MI 38663',1,0,'2016-01-17 09:36:52','2016-01-17 09:36:52'),(3,'14395 Walsh Mountain\nAnissaborough, ME 86074-1065',2,0,'2016-01-17 09:36:53','2016-01-17 09:36:53'),(4,'291 Colleen Green\nLehnermouth, DC 46545',2,0,'2016-01-17 09:36:53','2016-01-17 09:36:53'),(5,'6713 Moshe Villages Suite 175\nWest Cruzfort, NJ 82022-7216',3,0,'2016-01-17 09:36:53','2016-01-17 09:36:53'),(6,'8393 Wiza Key Apt. 838\nLake Bobbie, CT 67695',4,0,'2016-01-17 09:36:53','2016-01-17 09:36:53'),(7,'08155 Torphy Spring Apt. 908\nSouth Rowena, FL 06402',4,0,'2016-01-17 09:36:53','2016-01-17 09:36:53'),(8,'199 Langworth Falls\nDorthytown, NV 63039-2207',6,0,'2016-01-17 09:36:53','2016-01-17 09:36:53'),(9,'7847 McClure Gateway Suite 554\nSouth Zechariah, PA 78068',6,0,'2016-01-17 09:36:53','2016-01-17 09:36:53'),(10,'69795 Zulauf Corners Suite 899\nNorth Maystad, WY 57925-5701',8,0,'2016-01-17 09:36:53','2016-01-17 09:36:53'),(11,'227 Jace Mountain\nDaughertybury, IA 68635',10,0,'2016-01-17 09:36:53','2016-01-17 09:36:53'),(12,'3827 Timothy Ramp Apt. 096\nPaucekborough, DC 99993-7497',10,0,'2016-01-17 09:36:53','2016-01-17 09:36:53'),(13,'6344 Adams Corner Suite 212\nEast Adah, MN 43334',11,0,'2016-01-17 09:36:53','2016-01-17 09:36:53'),(14,'68983 Ritchie Route\nPadbergburgh, OH 01445',11,0,'2016-01-17 09:36:53','2016-01-17 09:36:53'),(15,'090 Kub Meadow Apt. 378\nLake Alejandraborough, HI 76842-6003',11,0,'2016-01-17 09:36:53','2016-01-17 09:36:53'),(16,'693 Liam Shoal Suite 862\nRobertsberg, RI 19376-0807',12,0,'2016-01-17 09:36:53','2016-01-17 09:36:53'),(17,'83204 Davis Branch Suite 239\nTracychester, CT 55462',12,0,'2016-01-17 09:36:53','2016-01-17 09:36:53'),(18,'889 Hoeger Tunnel\nShyanneshire, WI 68695-8902',14,0,'2016-01-17 09:36:53','2016-01-17 09:36:53'),(19,'13251 Florencio Pines Apt. 093\nSouth Monroechester, WV 30824',14,0,'2016-01-17 09:36:53','2016-01-17 09:36:53'),(20,'975 Hodkiewicz Lakes\nRussellberg, IN 02641',15,0,'2016-01-17 09:36:53','2016-01-17 09:36:53'),(21,'53118 Dawson Islands Apt. 986\nNew Annamaeside, DE 88847',15,0,'2016-01-17 09:36:53','2016-01-17 09:36:53'),(22,'115 Lowe Stream Apt. 621\nMayertberg, LA 75503',15,0,'2016-01-17 09:36:53','2016-01-17 09:36:53'),(23,'413 Conn Harbor\nNew Mavis, NM 36419-4434',16,0,'2016-01-17 09:36:53','2016-01-17 09:36:53'),(24,'5036 Deonte Fords\nDanmouth, MI 29660-2871',16,0,'2016-01-17 09:36:53','2016-01-17 09:36:53'),(25,'22498 Carlie Mount Suite 059\nKalebton, MN 03434',18,0,'2016-01-17 09:36:53','2016-01-17 09:36:53'),(26,'2186 Monahan Skyway\nEast Cicero, IL 35399',19,0,'2016-01-17 09:36:53','2016-01-17 09:36:53'),(27,'9280 Arnaldo Plain Apt. 628\nNew Audreanneview, SD 92818',21,0,'2016-01-17 09:36:53','2016-01-17 09:36:53'),(28,'219 Wisozk Forest\nNew Emilyborough, OH 29061',21,0,'2016-01-17 09:36:53','2016-01-17 09:36:53'),(29,'84446 Carolanne Burgs\nEduardoshire, MO 93564-4613',21,0,'2016-01-17 09:36:53','2016-01-17 09:36:53'),(30,'38874 Graham Field\nHaneton, WI 53428',22,0,'2016-01-17 09:36:53','2016-01-17 09:36:53'),(31,'44823 Georgette Locks\nWilmerside, ME 99740-7960',22,0,'2016-01-17 09:36:53','2016-01-17 09:36:53'),(32,'2482 Huel Grove Apt. 865\nEast Luis, NV 47661',23,0,'2016-01-17 09:36:53','2016-01-17 09:36:53'),(33,'517 Name Terrace\nNorth Saraiville, CO 06685',23,0,'2016-01-17 09:36:53','2016-01-17 09:36:53'),(34,'7884 Eleonore Plaza\nLake Jerryville, MD 65273-8562',23,0,'2016-01-17 09:36:53','2016-01-17 09:36:53'),(35,'13882 Bernice Streets\nWunschport, DC 61397-2819',24,0,'2016-01-17 09:36:53','2016-01-17 09:36:53'),(36,'23557 Rafael Club Suite 361\nWest Julio, OH 71290-7878',24,0,'2016-01-17 09:36:53','2016-01-17 09:36:53'),(37,'86826 Thad Spring Apt. 263\nEast Clyde, CT 15379',25,0,'2016-01-17 09:36:53','2016-01-17 09:36:53'),(38,'757 Modesto Mill\nPacochaview, TN 82949',25,0,'2016-01-17 09:36:53','2016-01-17 09:36:53'),(39,'36759 Daniela Turnpike Suite 905\nMelliefort, GA 92910',25,0,'2016-01-17 09:36:53','2016-01-17 09:36:53'),(40,'7809 Feest Tunnel\nWisokyview, CT 32663',26,0,'2016-01-17 09:36:53','2016-01-17 09:36:53'),(41,'228 Sheila Springs Suite 962\nSouth Cecelia, LA 41799-0130',26,0,'2016-01-17 09:36:53','2016-01-17 09:36:53'),(42,'12182 Kuphal Trace Suite 548\nKundefort, FL 19435-4852',26,0,'2016-01-17 09:36:53','2016-01-17 09:36:53'),(43,'651 Mraz Manor\nSouth Kaylee, FL 98306',27,0,'2016-01-17 09:36:53','2016-01-17 09:36:53'),(44,'68612 Kavon Vista\nEast Precious, HI 81833',28,0,'2016-01-17 09:36:53','2016-01-17 09:36:53'),(45,'248 Howell Greens\nRusselberg, ME 79891-5859',28,0,'2016-01-17 09:36:53','2016-01-17 09:36:53'),(46,'492 Cali Roads Suite 336\nSouth Josiane, MN 49935-3993',31,0,'2016-01-17 09:36:53','2016-01-17 09:36:53'),(47,'4081 Hane Turnpike Apt. 818\nSebastianmouth, FL 18383',32,0,'2016-01-17 09:36:53','2016-01-17 09:36:53'),(48,'757 Schaefer Fields\nRathborough, NH 45027-0406',32,0,'2016-01-17 09:36:53','2016-01-17 09:36:53'),(49,'711 Abshire Ferry\nDellatown, CO 87836',33,0,'2016-01-17 09:36:53','2016-01-17 09:36:53'),(50,'3083 Lesch Harbors\nSchultzbury, IA 11706-0208',33,0,'2016-01-17 09:36:53','2016-01-17 09:36:53'),(51,'699 Newton Port Apt. 688\nCollierchester, ME 86597',34,0,'2016-01-17 09:36:53','2016-01-17 09:36:53'),(52,'213 Kristina Camp Suite 690\nMosciskiport, MN 97609-1918',34,0,'2016-01-17 09:36:53','2016-01-17 09:36:53'),(53,'049 Eichmann Valley Suite 980\nRenebury, SD 79913',35,0,'2016-01-17 09:36:53','2016-01-17 09:36:53'),(54,'315 Joshuah Trafficway Apt. 902\nEast Josephinemouth, NJ 92233',36,0,'2016-01-17 09:36:53','2016-01-17 09:36:53'),(55,'36713 Block Mall Suite 124\nWest Casimer, LA 81943',36,0,'2016-01-17 09:36:53','2016-01-17 09:36:53'),(56,'5974 Monahan Knolls Suite 941\nHannahchester, SD 99807',36,0,'2016-01-17 09:36:53','2016-01-17 09:36:53'),(57,'86373 Langosh Fords\nLake Lori, KY 68095',37,0,'2016-01-17 09:36:53','2016-01-17 09:36:53'),(58,'88002 Noemi Extension\nNorth Medaburgh, AL 96574-1065',38,0,'2016-01-17 09:36:53','2016-01-17 09:36:53'),(59,'9044 Stanton Pike Suite 550\nNorth Zachary, OH 49931-9352',40,0,'2016-01-17 09:36:53','2016-01-17 09:36:53'),(60,'17619 Steuber Ridge\nLake Stephania, NE 28624',45,0,'2016-01-17 09:36:53','2016-01-17 09:36:53'),(61,'242 Ruben Well Suite 633\nHermannmouth, WA 24979',45,0,'2016-01-17 09:36:53','2016-01-17 09:36:53'),(62,'6674 Chanel Locks\nRetaburgh, NC 96133-0494',45,0,'2016-01-17 09:36:53','2016-01-17 09:36:53'),(63,'303 Quitzon Falls\nPredovicview, CO 37367-3212',47,0,'2016-01-17 09:36:53','2016-01-17 09:36:53'),(64,'096 Elva Court\nLake Gabriel, NC 92137',47,0,'2016-01-17 09:36:53','2016-01-17 09:36:53'),(65,'19305 Danny Mountains Suite 744\nLake Raul, MA 76466',47,0,'2016-01-17 09:36:53','2016-01-17 09:36:53'),(66,'67992 Colt Turnpike Suite 720\nWest Lucius, ME 64830',48,0,'2016-01-17 09:36:53','2016-01-17 09:36:53'),(67,'306 Simeon Plains\nTreutelville, CO 76451',48,0,'2016-01-17 09:36:53','2016-01-17 09:36:53'),(68,'41610 Kiana Prairie\nShanahanside, WI 98291',48,0,'2016-01-17 09:36:53','2016-01-17 09:36:53'),(69,'89538 Fay Gateway Apt. 612\nPort Rogers, DE 10973',49,0,'2016-01-17 09:36:53','2016-01-17 09:36:53'),(70,'9885 Stiedemann Village\nWalterton, UT 94208',49,0,'2016-01-17 09:36:53','2016-01-17 09:36:53'),(71,'0895 Wilderman Well Suite 030\nPort Raymundo, DC 54966',50,0,'2016-01-17 09:36:53','2016-01-17 09:36:53'),(72,'6881 Addie Parkway Apt. 214\nMargotside, WA 99143-8952',51,0,'2016-01-17 09:36:53','2016-01-17 09:36:53'),(73,'244 Alvera Roads\nCullenport, NM 34802',51,0,'2016-01-17 09:36:53','2016-01-17 09:36:53'),(74,'4083 Mayer Dale Apt. 804\nOndrickaview, LA 66154-2724',51,0,'2016-01-17 09:36:53','2016-01-17 09:36:53'),(75,'7165 Gorczany Knoll\nMurphyfurt, MT 55963',52,0,'2016-01-17 09:36:53','2016-01-17 09:36:53'),(76,'1233 Kailee Common Suite 427\nToymouth, IA 70966',54,0,'2016-01-17 09:36:53','2016-01-17 09:36:53'),(77,'3046 Remington Estate\nCummerataport, SC 70257',54,0,'2016-01-17 09:36:53','2016-01-17 09:36:53'),(78,'433 Boyer Lodge Suite 227\nShemarview, MO 40222-7892',54,0,'2016-01-17 09:36:53','2016-01-17 09:36:53'),(79,'4697 McKenzie Prairie Apt. 692\nAmparomouth, SC 54395',57,0,'2016-01-17 09:36:53','2016-01-17 09:36:53'),(80,'37993 Beer Summit\nPort Columbusbury, DC 25773-2726',57,0,'2016-01-17 09:36:53','2016-01-17 09:36:53'),(81,'890 Feest Tunnel Apt. 904\nKelvinbury, KS 98330',57,0,'2016-01-17 09:36:53','2016-01-17 09:36:53'),(82,'65842 Pearline Inlet Suite 745\nNew Emilio, MA 06492-5453',58,0,'2016-01-17 09:36:53','2016-01-17 09:36:53'),(83,'494 Denesik Villages Apt. 918\nNorth Makenzie, SC 63476',58,0,'2016-01-17 09:36:53','2016-01-17 09:36:53'),(84,'35427 Price Throughway\nGutkowskiborough, CA 72138-0628',59,0,'2016-01-17 09:36:53','2016-01-17 09:36:53'),(85,'1737 Jordy Lodge\nPort Else, DE 50827',59,0,'2016-01-17 09:36:53','2016-01-17 09:36:53'),(86,'937 Alyson View Suite 417\nGorczanymouth, MS 01665',60,0,'2016-01-17 09:36:53','2016-01-17 09:36:53'),(87,'5495 Erwin Rue Suite 588\nEast Susanaton, MI 31314',60,0,'2016-01-17 09:36:53','2016-01-17 09:36:53'),(88,'9568 Ondricka Turnpike Suite 993\nHermantown, MN 22814',60,0,'2016-01-17 09:36:53','2016-01-17 09:36:53'),(89,'840 Ressie Ford\nPort Prince, MN 15842',61,0,'2016-01-17 09:36:53','2016-01-17 09:36:53'),(90,'16045 Aidan Center\nWest D\'angelo, NE 13747-0878',61,0,'2016-01-17 09:36:54','2016-01-17 09:36:54'),(91,'8977 Camila Springs Apt. 875\nNew Russell, MN 91325',63,0,'2016-01-17 09:36:54','2016-01-17 09:36:54'),(92,'150 Shanahan Square Suite 281\nNorth Kristofer, MT 74181-0227',63,0,'2016-01-17 09:36:54','2016-01-17 09:36:54'),(93,'2236 Maye Cliffs Apt. 077\nWeimannfurt, IA 58071-2620',64,0,'2016-01-17 09:36:54','2016-01-17 09:36:54'),(94,'1463 Orie Rapid Apt. 072\nSouth Jeramyshire, NC 96832-6381',65,0,'2016-01-17 09:36:54','2016-01-17 09:36:54'),(95,'21725 Jules Grove\nEast Shanny, PA 77626-8008',65,0,'2016-01-17 09:36:54','2016-01-17 09:36:54'),(96,'934 Effie Hill Apt. 163\nJacobishire, NM 50404',66,0,'2016-01-17 09:36:54','2016-01-17 09:36:54'),(97,'1784 Arnold Pass\nLake Niaview, NM 17047-1873',66,0,'2016-01-17 09:36:54','2016-01-17 09:36:54'),(98,'8947 Treutel Mountain\nBodemouth, NC 52526',66,0,'2016-01-17 09:36:54','2016-01-17 09:36:54'),(99,'0267 Albert Valley\nRoxanneland, FL 61713',69,0,'2016-01-17 09:36:54','2016-01-17 09:36:54'),(100,'931 Flatley Hills\nLockmanfurt, IA 95564',70,0,'2016-01-17 09:36:54','2016-01-17 09:36:54'),(101,'3781 Bode Ridges Apt. 273\nNew Buddy, MO 14144',71,0,'2016-01-17 09:36:54','2016-01-17 09:36:54'),(102,'13227 Donavon Cliffs Suite 273\nJasttown, NV 34009',71,0,'2016-01-17 09:36:54','2016-01-17 09:36:54'),(103,'0924 Madalyn Mount\nWillowbury, MT 85741',72,0,'2016-01-17 09:36:54','2016-01-17 09:36:54'),(104,'322 O\'Kon Stravenue\nFaytown, KY 27254',73,0,'2016-01-17 09:36:54','2016-01-17 09:36:54'),(105,'1188 Pearline Track Suite 168\nBergnaumside, AZ 39933',74,0,'2016-01-17 09:36:54','2016-01-17 09:36:54'),(106,'025 Walter Extensions Suite 143\nHeidenreichshire, IN 01966',74,0,'2016-01-17 09:36:54','2016-01-17 09:36:54'),(107,'472 Leanna Wells Suite 910\nDooleyborough, AL 13814',75,0,'2016-01-17 09:36:54','2016-01-17 09:36:54'),(108,'545 Glenna Drive Apt. 577\nEmmyburgh, KS 29625',75,0,'2016-01-17 09:36:54','2016-01-17 09:36:54'),(109,'19053 Bins Extensions Apt. 675\nEast Cecilfurt, WI 83897',77,0,'2016-01-17 09:36:54','2016-01-17 09:36:54'),(110,'95782 Eleanora Neck\nSouth Cassieton, CT 36206-0783',77,0,'2016-01-17 09:36:54','2016-01-17 09:36:54'),(111,'918 Hansen Radial\nArmstrongtown, HI 19986',77,0,'2016-01-17 09:36:54','2016-01-17 09:36:54'),(112,'57793 Justus Forks Apt. 047\nNew Arno, CO 01834-3707',78,0,'2016-01-17 09:36:54','2016-01-17 09:36:54'),(113,'6010 Sauer Mills Suite 619\nLeonmouth, LA 31677-4747',79,0,'2016-01-17 09:36:54','2016-01-17 09:36:54'),(114,'2941 Brown Brook Suite 851\nWest Lily, ME 25039-5353',79,0,'2016-01-17 09:36:54','2016-01-17 09:36:54'),(115,'867 Leola Square Apt. 348\nNew Dusty, LA 05381-4424',79,0,'2016-01-17 09:36:54','2016-01-17 09:36:54'),(116,'60434 Brakus Points Apt. 392\nWest Alliemouth, IL 66606',80,0,'2016-01-17 09:36:54','2016-01-17 09:36:54'),(117,'135 Rudy Canyon Apt. 233\nWest Favian, SC 93747-5256',81,0,'2016-01-17 09:36:54','2016-01-17 09:36:54'),(118,'074 Nikki Passage\nNew Wyatt, NV 01594-8554',81,0,'2016-01-17 09:36:54','2016-01-17 09:36:54'),(119,'1488 Lang Spring\nLake Kristin, VA 07209-5320',81,0,'2016-01-17 09:36:54','2016-01-17 09:36:54'),(120,'25453 Wisozk Neck Apt. 792\nSouth Dedrictown, OK 75481',82,0,'2016-01-17 09:36:54','2016-01-17 09:36:54'),(121,'4075 Deanna Stream\nLegrosberg, NV 79900',82,0,'2016-01-17 09:36:54','2016-01-17 09:36:54'),(122,'20607 Jamey Mews Suite 147\nLynchborough, VT 86659',82,0,'2016-01-17 09:36:54','2016-01-17 09:36:54'),(123,'60804 Schimmel Glen Suite 848\nNorth Floridaburgh, SD 10982',83,0,'2016-01-17 09:36:54','2016-01-17 09:36:54'),(124,'11573 McLaughlin Camp Apt. 633\nEast Dedrickchester, ND 48547-6216',83,0,'2016-01-17 09:36:54','2016-01-17 09:36:54'),(125,'444 Dominique Street Apt. 784\nVandervortport, KS 22896-6580',83,0,'2016-01-17 09:36:54','2016-01-17 09:36:54'),(126,'2367 Dakota Shoal Suite 921\nLake Mackchester, NJ 78557',84,0,'2016-01-17 09:36:54','2016-01-17 09:36:54'),(127,'1064 Savion Roads Suite 379\nMarksview, TN 18581',84,0,'2016-01-17 09:36:54','2016-01-17 09:36:54'),(128,'05363 Jaskolski Glens Suite 999\nEast Zaneborough, SD 56045-9226',84,0,'2016-01-17 09:36:54','2016-01-17 09:36:54'),(129,'349 Deckow Rapid\nJazmynside, AK 86709-1595',85,0,'2016-01-17 09:36:54','2016-01-17 09:36:54'),(130,'24250 Micah Roads Suite 082\nWest Markberg, NM 75562',85,0,'2016-01-17 09:36:54','2016-01-17 09:36:54'),(131,'28163 Larry Dale\nWest Gunner, NM 45580-6424',85,0,'2016-01-17 09:36:54','2016-01-17 09:36:54'),(132,'690 Kautzer Points Apt. 125\nAlexandriastad, OK 81631-9391',87,0,'2016-01-17 09:36:54','2016-01-17 09:36:54'),(133,'6337 Ardella Station\nCorineburgh, MD 79593',87,0,'2016-01-17 09:36:54','2016-01-17 09:36:54'),(134,'10227 Glover Run\nSouth Bert, AL 95266',87,0,'2016-01-17 09:36:54','2016-01-17 09:36:54'),(135,'4397 Denesik Villages Suite 945\nWest Tracy, DE 61781',88,0,'2016-01-17 09:36:54','2016-01-17 09:36:54'),(136,'144 Hirthe Parkways Suite 158\nRodrigueztown, AR 23182-0043',88,0,'2016-01-17 09:36:54','2016-01-17 09:36:54'),(137,'3223 Hanna Station Suite 864\nFlatleymouth, NV 35627-5259',89,0,'2016-01-17 09:36:54','2016-01-17 09:36:54'),(138,'95395 Alford Circles\nNew Lavadahaven, HI 65077',89,0,'2016-01-17 09:36:54','2016-01-17 09:36:54'),(139,'4377 Ebert Highway\nNew Celiamouth, GA 04988-4637',90,0,'2016-01-17 09:36:54','2016-01-17 09:36:54'),(140,'82879 Wiley Freeway Apt. 422\nNorth Gilbertmouth, ND 11035-7035',90,0,'2016-01-17 09:36:54','2016-01-17 09:36:54'),(141,'58601 Rosenbaum Roads\nAbigailbury, MO 72165-4781',91,0,'2016-01-17 09:36:54','2016-01-17 09:36:54'),(142,'966 Keanu Stravenue\nAuerstad, MT 62825-6673',93,0,'2016-01-17 09:36:54','2016-01-17 09:36:54'),(143,'755 Brekke Vista Suite 691\nSharonstad, RI 78346-0985',93,0,'2016-01-17 09:36:54','2016-01-17 09:36:54'),(144,'18060 Kulas Drive\nEvamouth, IA 74613-2428',95,0,'2016-01-17 09:36:54','2016-01-17 09:36:54'),(145,'743 Wilburn Well Apt. 144\nLangtown, NJ 39609',95,0,'2016-01-17 09:36:54','2016-01-17 09:36:54'),(146,'3102 Jewel Flats Suite 521\nCrooksstad, KY 00921',97,0,'2016-01-17 09:36:54','2016-01-17 09:36:54'),(147,'840 Ullrich Land\nBradtkefort, DE 82837',97,0,'2016-01-17 09:36:54','2016-01-17 09:36:54'),(148,'1917 Alfred Squares Apt. 226\nNorth Lorenborough, AL 44684-6028',97,0,'2016-01-17 09:36:54','2016-01-17 09:36:54'),(149,'86198 Deshawn Grove Suite 727\nEast Herta, DC 56936-3176',98,0,'2016-01-17 09:36:54','2016-01-17 09:36:54'),(150,'413 Heaney Court\nO\'Connerbury, OH 09158',98,0,'2016-01-17 09:36:54','2016-01-17 09:36:54'),(151,'06678 O\'Reilly Villages Apt. 241\nLake Dimitri, OH 83868',99,0,'2016-01-17 09:36:54','2016-01-17 09:36:54'),(152,'344 Durgan Flat Suite 168\nPort Grover, TX 84050-9211',101,0,'2016-01-17 09:36:54','2016-01-17 09:36:54'),(153,'76168 Breana Groves\nNew Scottieburgh, ND 77504-1833',101,0,'2016-01-17 09:36:54','2016-01-17 09:36:54'),(154,'86648 Claudine Stravenue Suite 033\nEast Ryannton, RI 52502-0924',101,0,'2016-01-17 09:36:54','2016-01-17 09:36:54'),(155,'65065 Josie Crescent Suite 951\nBuckridgeland, CT 11006',102,0,'2016-01-17 09:36:54','2016-01-17 09:36:54'),(156,'8791 Schmidt Cliffs Suite 284\nSouth Brennanbury, LA 77213',102,0,'2016-01-17 09:36:54','2016-01-17 09:36:54'),(157,'250 Blake Bridge\nPort Josephineshire, AK 89484',102,0,'2016-01-17 09:36:54','2016-01-17 09:36:54'),(158,'1697 Abdullah Crest\nNew Adelineburgh, NM 93978',103,0,'2016-01-17 09:36:54','2016-01-17 09:36:54'),(159,'4382 Robel Summit Apt. 662\nNew Kieran, DE 68549',103,0,'2016-01-17 09:36:54','2016-01-17 09:36:54'),(160,'43735 Natalia Track\nNew Rosemarieport, OR 72673-4387',104,0,'2016-01-17 09:36:54','2016-01-17 09:36:54'),(161,'3179 Delilah Ridge\nLake Leoneton, MN 43813',105,0,'2016-01-17 09:36:54','2016-01-17 09:36:54'),(162,'6762 Corwin Ways Apt. 041\nRyderbury, WA 93654-4505',105,0,'2016-01-17 09:36:55','2016-01-17 09:36:55'),(163,'111 Ledner Mews\nNew Dante, TN 06651',107,0,'2016-01-17 09:36:55','2016-01-17 09:36:55'),(164,'6318 Cummerata Cliff\nPort Sunnytown, AZ 00654',108,0,'2016-01-17 09:36:55','2016-01-17 09:36:55'),(165,'2714 Damion Run\nDaphneyfurt, KS 52289-7881',109,0,'2016-01-17 09:36:55','2016-01-17 09:36:55'),(166,'413 Hodkiewicz Greens Suite 974\nVicenteshire, IL 64381-3638',109,0,'2016-01-17 09:36:55','2016-01-17 09:36:55'),(167,'7706 Lydia Roads\nPort Griffin, CA 92010-4940',110,0,'2016-01-17 09:36:55','2016-01-17 09:36:55'),(168,'738 Jacobi Corner\nHackettside, MO 23421',111,0,'2016-01-17 09:36:55','2016-01-17 09:36:55'),(169,'900 Lucy Junction Apt. 252\nWest Skylarland, NE 86172',111,0,'2016-01-17 09:36:55','2016-01-17 09:36:55'),(170,'28932 Gleichner Viaduct\nLake Marlinberg, SC 78967',111,0,'2016-01-17 09:36:55','2016-01-17 09:36:55'),(171,'211 O\'Connell Stravenue\nSchmelerton, WI 23969-9318',112,0,'2016-01-17 09:36:55','2016-01-17 09:36:55'),(172,'6406 Roel Junction\nAlvinaton, NH 29334-5634',113,0,'2016-01-17 09:36:55','2016-01-17 09:36:55'),(173,'160 Brakus Court\nSouth Libby, NM 35356-1895',114,0,'2016-01-17 09:36:55','2016-01-17 09:36:55'),(174,'39249 Fay Pike Apt. 846\nPort Josieside, MS 26916-8233',114,0,'2016-01-17 09:36:55','2016-01-17 09:36:55'),(175,'4890 Dorthy Circle Apt. 842\nEast Lowellmouth, SD 36203-4560',114,0,'2016-01-17 09:36:55','2016-01-17 09:36:55'),(176,'927 Connelly Mills\nSouth Sean, CA 53802-2062',116,0,'2016-01-17 09:36:55','2016-01-17 09:36:55'),(177,'60766 Botsford Ford\nGregoryhaven, FL 41098',117,0,'2016-01-17 09:36:55','2016-01-17 09:36:55'),(178,'583 Jess Well\nKaleighbury, DC 62129-2076',117,0,'2016-01-17 09:36:55','2016-01-17 09:36:55'),(179,'4705 Lakin Landing Apt. 170\nNew Tabitha, IN 04636-5069',117,0,'2016-01-17 09:36:55','2016-01-17 09:36:55'),(180,'62904 Monahan Squares\nLake Wilber, WA 05378',119,0,'2016-01-17 09:36:55','2016-01-17 09:36:55'),(181,'30075 Leuschke Summit\nHegmannhaven, SD 68678-0579',119,0,'2016-01-17 09:36:55','2016-01-17 09:36:55'),(182,'195 Eloisa Green\nRosenbaumport, AL 21570',119,0,'2016-01-17 09:36:55','2016-01-17 09:36:55'),(183,'65246 Von Wells\nBrockmouth, AR 23904-8508',120,0,'2016-01-17 09:36:55','2016-01-17 09:36:55'),(184,'214 Chris Rapid Suite 706\nVioletton, PA 80519-3569',121,0,'2016-01-17 09:36:55','2016-01-17 09:36:55'),(185,'65551 Jeanie Vista\nRuthton, RI 60398',121,0,'2016-01-17 09:36:55','2016-01-17 09:36:55'),(186,'26480 Janick Overpass\nHeathcoteberg, IN 17767-7599',122,0,'2016-01-17 09:36:55','2016-01-17 09:36:55'),(187,'132 Collins Prairie\nDonnellport, GA 21908-2051',123,0,'2016-01-17 09:36:55','2016-01-17 09:36:55'),(188,'117 Anastacio Shoals\nNew Francisco, NJ 36959',123,0,'2016-01-17 09:36:55','2016-01-17 09:36:55'),(189,'202 Gaylord Track\nKuhlmanborough, CA 17413-1252',125,0,'2016-01-17 09:36:55','2016-01-17 09:36:55'),(190,'007 Oberbrunner Extension\nKellenchester, AZ 67496-6549',127,0,'2016-01-17 09:36:55','2016-01-17 09:36:55'),(191,'1097 Holly Isle Apt. 695\nWest Natalie, OR 13106-5618',129,0,'2016-01-17 09:36:55','2016-01-17 09:36:55'),(192,'874 Golden Overpass\nFeilton, ID 97489-9610',129,0,'2016-01-17 09:36:55','2016-01-17 09:36:55'),(193,'0527 Sawayn Locks Apt. 007\nLehnermouth, MI 33133-1782',129,0,'2016-01-17 09:36:55','2016-01-17 09:36:55'),(194,'965 Wava Locks\nKevenfurt, OK 62309',130,0,'2016-01-17 09:36:55','2016-01-17 09:36:55'),(195,'859 Edmund Ports Apt. 048\nNew Madie, AR 82081-7520',130,0,'2016-01-17 09:36:55','2016-01-17 09:36:55'),(196,'9495 Stoltenberg Camp Apt. 186\nEast Jeffereytown, ID 88502-5897',131,0,'2016-01-17 09:36:55','2016-01-17 09:36:55'),(197,'01392 Deontae Curve Suite 794\nPourosshire, ID 38382-9779',132,0,'2016-01-17 09:36:55','2016-01-17 09:36:55'),(198,'5985 Brooke Vista Suite 326\nCathyshire, KS 44700-3506',132,0,'2016-01-17 09:36:55','2016-01-17 09:36:55'),(199,'4242 Holden Green Apt. 165\nEast Nakia, IA 90163',132,0,'2016-01-17 09:36:55','2016-01-17 09:36:55'),(200,'186 Rashawn Springs Apt. 331\nDawsonville, OK 68657',133,0,'2016-01-17 09:36:55','2016-01-17 09:36:55'),(201,'9511 Katelin Burgs Suite 189\nWest Gonzalo, WV 26719',133,0,'2016-01-17 09:36:55','2016-01-17 09:36:55'),(202,'857 Milford Circle Suite 676\nTheresastad, ND 97226-1839',134,0,'2016-01-17 09:36:55','2016-01-17 09:36:55'),(203,'5771 Nicklaus Crest Apt. 886\nWest Juliushaven, OH 03869-9476',134,0,'2016-01-17 09:36:55','2016-01-17 09:36:55'),(204,'10775 Trenton Course\nEast Mohamedshire, MD 62531-8883',134,0,'2016-01-17 09:36:55','2016-01-17 09:36:55'),(205,'9353 Neil Forges Apt. 727\nPort Anibal, NY 73122-2501',138,0,'2016-01-17 09:36:55','2016-01-17 09:36:55'),(206,'592 Murazik Groves\nSkilesfort, CO 03507-3845',138,0,'2016-01-17 09:36:55','2016-01-17 09:36:55'),(207,'6041 Roderick Trafficway Apt. 504\nEast Mark, UT 25890',139,0,'2016-01-17 09:36:55','2016-01-17 09:36:55'),(208,'969 Delaney Rapid\nSauerfort, WY 81898',139,0,'2016-01-17 09:36:55','2016-01-17 09:36:55'),(209,'00426 Towne Plaza\nWest General, CA 70449',140,0,'2016-01-17 09:36:55','2016-01-17 09:36:55'),(210,'4971 Consuelo Plaza\nStoltenbergborough, OK 43256-1188',140,0,'2016-01-17 09:36:55','2016-01-17 09:36:55'),(211,'3269 Will Cliffs\nNorth Tiana, MN 69671',142,0,'2016-01-17 09:36:55','2016-01-17 09:36:55'),(212,'14335 Adah Spring\nSchowalterside, NM 74267-8235',142,0,'2016-01-17 09:36:55','2016-01-17 09:36:55'),(213,'06150 Frank Center Suite 936\nPort Kelliebury, HI 99953',143,0,'2016-01-17 09:36:55','2016-01-17 09:36:55'),(214,'510 Wendy Divide Suite 598\nNorth Edgarbury, MA 61998',143,0,'2016-01-17 09:36:55','2016-01-17 09:36:55'),(215,'88663 Carlotta Ramp\nWest Madelynside, AL 84578',143,0,'2016-01-17 09:36:55','2016-01-17 09:36:55'),(216,'3257 Alysa Turnpike\nLake Ezequielhaven, DC 51950-0228',144,0,'2016-01-17 09:36:55','2016-01-17 09:36:55'),(217,'7945 Wilderman Stream Apt. 517\nLake Claudieburgh, OH 80836',144,0,'2016-01-17 09:36:55','2016-01-17 09:36:55'),(218,'1891 Adams Way Apt. 211\nSouth Adalbertobury, NM 60291-0503',145,0,'2016-01-17 09:36:55','2016-01-17 09:36:55'),(219,'793 Jenkins Villages Suite 883\nNorth Donna, GA 45840-3814',147,0,'2016-01-17 09:36:55','2016-01-17 09:36:55'),(220,'2489 Reichel Overpass\nVidalhaven, MA 82038',147,0,'2016-01-17 09:36:55','2016-01-17 09:36:55'),(221,'54773 Labadie Turnpike Suite 424\nMcGlynnberg, NV 30288',147,0,'2016-01-17 09:36:55','2016-01-17 09:36:55'),(222,'2833 Skiles Station Suite 407\nErnserfort, OK 58393',148,0,'2016-01-17 09:36:55','2016-01-17 09:36:55'),(223,'886 Mosciski Skyway\nPort Gladysport, MS 27492-2667',150,0,'2016-01-17 09:36:55','2016-01-17 09:36:55'),(224,'664 Wiegand Centers Suite 197\nTressachester, TX 56637-1153',150,0,'2016-01-17 09:36:55','2016-01-17 09:36:55'),(225,'5712 Wiegand Dale Suite 651\nBreitenbergland, SD 90868-5220',150,0,'2016-01-17 09:36:55','2016-01-17 09:36:55'),(226,'4498 Vincenza Centers Apt. 324\nEast Arvid, KS 11594-2649',151,0,'2016-01-17 09:36:55','2016-01-17 09:36:55'),(227,'192 Amy Locks\nWeberton, WA 90411',151,0,'2016-01-17 09:36:55','2016-01-17 09:36:55'),(228,'2080 Hoeger Mount Apt. 882\nLake Olga, GA 99007',152,0,'2016-01-17 09:36:55','2016-01-17 09:36:55'),(229,'307 Klocko Glen\nPort Alverta, WA 99726',152,0,'2016-01-17 09:36:55','2016-01-17 09:36:55'),(230,'21511 Feil Cape\nNew Callieborough, MS 09981-5185',152,0,'2016-01-17 09:36:55','2016-01-17 09:36:55'),(231,'4560 Bahringer Parkways Suite 384\nPort Allisonstad, MA 47322-4475',154,0,'2016-01-17 09:36:55','2016-01-17 09:36:55'),(232,'325 Manley Haven Suite 896\nEast Lillian, TN 12510',155,0,'2016-01-17 09:36:55','2016-01-17 09:36:55'),(233,'04388 Shanahan Park\nObieton, AK 69539-8256',155,0,'2016-01-17 09:36:55','2016-01-17 09:36:55'),(234,'148 Jordyn Causeway\nMaynardton, UT 91352',155,0,'2016-01-17 09:36:55','2016-01-17 09:36:55'),(235,'985 Langworth Isle Apt. 076\nWest Trever, AZ 11542',156,0,'2016-01-17 09:36:55','2016-01-17 09:36:55'),(236,'9827 Quigley Street Suite 235\nEast Kayley, IA 98159',157,0,'2016-01-17 09:36:55','2016-01-17 09:36:55'),(237,'096 Kris Knolls Suite 507\nEast Bretberg, WA 99909',157,0,'2016-01-17 09:36:55','2016-01-17 09:36:55'),(238,'6770 Stracke Key\nWest Reinaborough, DC 59792',158,0,'2016-01-17 09:36:55','2016-01-17 09:36:55'),(239,'34972 Kirk Fort Suite 853\nVolkmanmouth, LA 98435',159,0,'2016-01-17 09:36:55','2016-01-17 09:36:55'),(240,'282 Dave Camp Suite 361\nElsetown, MI 51047-1335',159,0,'2016-01-17 09:36:55','2016-01-17 09:36:55'),(241,'222 Keshawn Light Apt. 777\nEast Leola, SC 85624-8896',160,0,'2016-01-17 09:36:55','2016-01-17 09:36:55'),(242,'7887 Reyes Oval\nTraceyton, FL 90239',160,0,'2016-01-17 09:36:55','2016-01-17 09:36:55'),(243,'9536 Botsford Stream\nSouth Floridafurt, OH 76245',163,0,'2016-01-17 09:36:55','2016-01-17 09:36:55'),(244,'2226 Tierra Island Suite 801\nGerholdmouth, NV 94253-4880',164,0,'2016-01-17 09:36:55','2016-01-17 09:36:55'),(245,'4003 Columbus Spurs Suite 778\nNorth Xavierbury, IN 62025',164,0,'2016-01-17 09:36:55','2016-01-17 09:36:55'),(246,'7427 Bryana Mountains\nHammesberg, AL 36393-9635',166,0,'2016-01-17 09:36:55','2016-01-17 09:36:55'),(247,'8624 Crona Shores Suite 589\nRunolfssonport, ID 03241',166,0,'2016-01-17 09:36:55','2016-01-17 09:36:55'),(248,'87677 Hettinger Flats\nSerenahaven, CA 49689',167,0,'2016-01-17 09:36:55','2016-01-17 09:36:55'),(249,'36558 Paul Highway\nRoslynmouth, SC 14324-0354',167,0,'2016-01-17 09:36:55','2016-01-17 09:36:55'),(250,'68316 Tillman Station Apt. 428\nMaynardfurt, NY 56484-8809',169,0,'2016-01-17 09:36:56','2016-01-17 09:36:56'),(251,'720 Angeline Pass\nCydneyborough, WV 65488-6563',170,0,'2016-01-17 09:36:56','2016-01-17 09:36:56'),(252,'181 Crist Gardens\nEichmannfort, ND 76965',171,0,'2016-01-17 09:36:56','2016-01-17 09:36:56'),(253,'514 Schaden Valley\nMcKenziechester, IN 84814-4106',171,0,'2016-01-17 09:36:56','2016-01-17 09:36:56'),(254,'56910 Satterfield Skyway Suite 238\nEast Lavernachester, SD 60741-2145',171,0,'2016-01-17 09:36:56','2016-01-17 09:36:56'),(255,'2275 Dare Mountains\nHeathville, MD 29120-7750',172,0,'2016-01-17 09:36:56','2016-01-17 09:36:56'),(256,'4991 Daugherty Forks\nSouth Anyastad, HI 06133-3385',172,0,'2016-01-17 09:36:56','2016-01-17 09:36:56'),(257,'604 Alene Centers Suite 216\nPort Laverne, CT 44695',173,0,'2016-01-17 09:36:56','2016-01-17 09:36:56'),(258,'2448 Viviane Court Apt. 037\nLucastown, IA 18607',173,0,'2016-01-17 09:36:56','2016-01-17 09:36:56'),(259,'2506 Leo Vista\nZoilafort, TX 96937-1713',173,0,'2016-01-17 09:36:56','2016-01-17 09:36:56'),(260,'1856 Keyshawn Alley Apt. 294\nWest Sage, OK 94370',174,0,'2016-01-17 09:36:56','2016-01-17 09:36:56'),(261,'4543 Harley Isle\nWymanport, FL 36757',174,0,'2016-01-17 09:36:56','2016-01-17 09:36:56'),(262,'1309 Marcus Skyway Apt. 897\nNorth Peytonview, WA 03349',174,0,'2016-01-17 09:36:56','2016-01-17 09:36:56'),(263,'543 Satterfield Island\nWest Stephonfort, WY 62249',176,0,'2016-01-17 09:36:56','2016-01-17 09:36:56'),(264,'351 Legros Square Suite 747\nWest Landenfurt, MS 64173-9510',179,0,'2016-01-17 09:36:56','2016-01-17 09:36:56'),(265,'0543 Schuppe Mews Apt. 285\nWaynemouth, AR 75667-6196',179,0,'2016-01-17 09:36:56','2016-01-17 09:36:56'),(266,'596 Carmela Fork Apt. 998\nEvansside, WA 05250',181,0,'2016-01-17 09:36:56','2016-01-17 09:36:56'),(267,'1332 Mante Vista\nClemensmouth, OR 59803',181,0,'2016-01-17 09:36:56','2016-01-17 09:36:56'),(268,'949 Marc Locks Apt. 179\nColeborough, WY 98923',181,0,'2016-01-17 09:36:56','2016-01-17 09:36:56'),(269,'1802 Jermaine Pines\nKlingport, MO 15522-8269',182,0,'2016-01-17 09:36:56','2016-01-17 09:36:56'),(270,'1982 Hayes Shoals Suite 035\nNorth Golden, WI 24877',185,0,'2016-01-17 09:36:56','2016-01-17 09:36:56'),(271,'2830 Walsh Wall Suite 468\nNorth Francesco, NJ 62691-3084',185,0,'2016-01-17 09:36:56','2016-01-17 09:36:56'),(272,'57695 Cletus Valley\nNew Edwin, WV 39692-5785',187,0,'2016-01-17 09:36:56','2016-01-17 09:36:56'),(273,'9685 Chanelle Stravenue Apt. 972\nEast Morgan, ME 58654-5030',188,0,'2016-01-17 09:36:56','2016-01-17 09:36:56'),(274,'1180 Josianne Way\nNorth Ralph, AR 74980-3247',189,0,'2016-01-17 09:36:56','2016-01-17 09:36:56'),(275,'2372 Llewellyn Road\nChamplinbury, WY 66734-4926',191,0,'2016-01-17 09:36:56','2016-01-17 09:36:56'),(276,'69194 Camilla Shoal\nLennieberg, WA 54885-3286',191,0,'2016-01-17 09:36:56','2016-01-17 09:36:56'),(277,'312 Reichert Ville\nJohnsmouth, WA 99888-3738',191,0,'2016-01-17 09:36:56','2016-01-17 09:36:56'),(278,'1364 Rose Road Apt. 957\nFloside, OH 05693',192,0,'2016-01-17 09:36:56','2016-01-17 09:36:56'),(279,'049 Bernhard Terrace Suite 602\nNorth Eulahhaven, HI 69600-6277',192,0,'2016-01-17 09:36:56','2016-01-17 09:36:56'),(280,'6318 Crist Isle\nNorth Rebecca, GA 64658-3030',197,0,'2016-01-17 09:36:56','2016-01-17 09:36:56'),(281,'83957 Nader Canyon Apt. 784\nLake Kaiaview, MT 18618',197,0,'2016-01-17 09:36:56','2016-01-17 09:36:56'),(282,'56304 Hodkiewicz Crossing Apt. 707\nJenkinsmouth, MS 70226',197,0,'2016-01-17 09:36:56','2016-01-17 09:36:56'),(283,'0771 Regan Roads\nWest Pablo, VT 37626-3863',198,0,'2016-01-17 09:36:56','2016-01-17 09:36:56'),(284,'8213 Selina Creek Suite 739\nRomaview, LA 45455-2935',198,0,'2016-01-17 09:36:56','2016-01-17 09:36:56'),(285,'1884 Gerlach Extension Suite 103\nTabithaborough, TN 36261',198,0,'2016-01-17 09:36:56','2016-01-17 09:36:56'),(286,'7426 Pablo Mount Suite 792\nNew Reggiechester, MO 51070',199,0,'2016-01-17 09:36:56','2016-01-17 09:36:56'),(287,'7739 Kertzmann Vista\nEast Alainaberg, GA 47979-4085',203,0,'2016-01-17 09:36:56','2016-01-17 09:36:56'),(288,'3042 Reichert Forks Suite 582\nEast Eleanora, IL 07976-0372',203,0,'2016-01-17 09:36:56','2016-01-17 09:36:56'),(289,'231 Milo Trafficway\nEast Ashaside, ID 06483-4256',206,0,'2016-01-17 09:36:56','2016-01-17 09:36:56'),(290,'8775 Cartwright Knolls\nPort Alvinabury, MO 13594',206,0,'2016-01-17 09:36:56','2016-01-17 09:36:56'),(291,'183 Larkin Causeway\nSouth Earl, NH 83686',206,0,'2016-01-17 09:36:56','2016-01-17 09:36:56'),(292,'914 Lilla Common\nSouth Megane, KS 88642-8871',207,0,'2016-01-17 09:36:56','2016-01-17 09:36:56'),(293,'17692 Bradley Place Apt. 146\nWest Providenciberg, TX 65220',210,0,'2016-01-17 09:36:56','2016-01-17 09:36:56'),(294,'801 Claudine Ridges Suite 598\nNorth Valentin, IA 80566',210,0,'2016-01-17 09:36:56','2016-01-17 09:36:56'),(295,'40751 Beer Village Apt. 907\nNew Rahul, GA 27424',210,0,'2016-01-17 09:36:56','2016-01-17 09:36:56'),(296,'99602 Kurtis Inlet\nLake Keven, DC 35557',211,0,'2016-01-17 09:36:56','2016-01-17 09:36:56'),(297,'849 Davis Unions Suite 036\nWest Jazlyn, MT 33745-8554',214,0,'2016-01-17 09:36:56','2016-01-17 09:36:56'),(298,'55370 Mayert Brook\nWest Rosamondbury, WA 72110-8965',216,0,'2016-01-17 09:36:56','2016-01-17 09:36:56'),(299,'819 Crooks Glen\nNew Maximillian, ME 21434',216,0,'2016-01-17 09:36:56','2016-01-17 09:36:56'),(300,'0842 Alexandrine Park\nKihnville, TN 24120',216,0,'2016-01-17 09:36:56','2016-01-17 09:36:56'),(301,'679 Grimes Squares\nJaydonfurt, AR 20848-5712',217,0,'2016-01-17 09:36:56','2016-01-17 09:36:56'),(302,'799 Elda Underpass Apt. 939\nPort Adonis, NY 41602',218,0,'2016-01-17 09:36:56','2016-01-17 09:36:56'),(303,'997 Imani Parkways\nTurnerhaven, OH 86817-6022',218,0,'2016-01-17 09:36:56','2016-01-17 09:36:56'),(304,'1715 Kaitlin Club Apt. 928\nLake Tommie, NJ 01903-5916',220,0,'2016-01-17 09:36:56','2016-01-17 09:36:56'),(305,'80249 Walsh Common Apt. 954\nSchoenview, DE 51926-8422',220,0,'2016-01-17 09:36:56','2016-01-17 09:36:56'),(306,'04773 Rhoda Circle\nNorth Sylvester, AZ 12968',220,0,'2016-01-17 09:36:56','2016-01-17 09:36:56'),(307,'5854 Rodrigo Run\nStarkton, MI 76205',221,0,'2016-01-17 09:36:56','2016-01-17 09:36:56'),(308,'542 Herzog Flat\nKuhntown, IN 90878',221,0,'2016-01-17 09:36:56','2016-01-17 09:36:56'),(309,'98651 Maggio Squares Suite 353\nPort Diamond, WV 07270-3429',222,0,'2016-01-17 09:36:56','2016-01-17 09:36:56'),(310,'941 Mya View\nNorth Estherbury, DC 73603',222,0,'2016-01-17 09:36:56','2016-01-17 09:36:56'),(311,'26073 Annamae Alley\nLake Micheleton, KY 71789',222,0,'2016-01-17 09:36:56','2016-01-17 09:36:56'),(312,'733 Stamm Park\nThielbury, CA 62883-3047',223,0,'2016-01-17 09:36:56','2016-01-17 09:36:56'),(313,'8315 Mckayla Pass\nNorth Georgiana, AL 76239-6492',224,0,'2016-01-17 09:36:56','2016-01-17 09:36:56'),(314,'759 Quitzon Fall Suite 351\nPort Anderson, ME 96805-1783',224,0,'2016-01-17 09:36:56','2016-01-17 09:36:56'),(315,'210 Mohr Plains Apt. 221\nWest Buddy, FL 57932-1277',224,0,'2016-01-17 09:36:56','2016-01-17 09:36:56'),(316,'588 Watsica Club\nClementland, KY 56487-8763',226,0,'2016-01-17 09:36:56','2016-01-17 09:36:56'),(317,'717 Lola Alley\nLelaview, FL 42561',226,0,'2016-01-17 09:36:56','2016-01-17 09:36:56'),(318,'43237 Bernier Skyway Apt. 090\nNew Luellabury, AR 05979-7822',228,0,'2016-01-17 09:36:56','2016-01-17 09:36:56'),(319,'164 Niko Bridge Apt. 483\nSouth Peytonstad, MT 11518-1846',228,0,'2016-01-17 09:36:56','2016-01-17 09:36:56'),(320,'030 Shanelle Avenue\nNew Jorgetown, WY 36138',228,0,'2016-01-17 09:36:56','2016-01-17 09:36:56'),(321,'9235 Nathan Rest\nLake Chadrick, TN 25476-6858',229,0,'2016-01-17 09:36:56','2016-01-17 09:36:56'),(322,'075 Runolfsson Fork Suite 593\nFritschland, WI 86865',230,0,'2016-01-17 09:36:56','2016-01-17 09:36:56'),(323,'050 Laron Spurs\nPort Ford, SC 37961-7728',230,0,'2016-01-17 09:36:56','2016-01-17 09:36:56'),(324,'845 Shanahan Lake Apt. 777\nMileschester, NJ 57444-1067',232,0,'2016-01-17 09:36:56','2016-01-17 09:36:56'),(325,'55802 Abel Mountain Apt. 467\nCrooksside, ND 33694',232,0,'2016-01-17 09:36:56','2016-01-17 09:36:56'),(326,'027 Wolff Overpass\nVivientown, SD 44959-9789',233,0,'2016-01-17 09:36:56','2016-01-17 09:36:56'),(327,'653 Nat Rue Apt. 324\nWernerton, DC 99016-0713',233,0,'2016-01-17 09:36:56','2016-01-17 09:36:56'),(328,'040 Cathy Landing Apt. 703\nWest Naomietown, GA 83678',233,0,'2016-01-17 09:36:56','2016-01-17 09:36:56'),(329,'9080 Casper Estate Apt. 831\nChamplinmouth, NV 50396',234,0,'2016-01-17 09:36:56','2016-01-17 09:36:56'),(330,'24430 Adrain Summit Suite 384\nAronbury, MN 26703-2712',234,0,'2016-01-17 09:36:56','2016-01-17 09:36:56'),(331,'670 Dessie Key Suite 818\nLake Delmer, LA 14741-1783',235,0,'2016-01-17 09:36:56','2016-01-17 09:36:56'),(332,'3825 Theresia Drives\nNorth Micaelaborough, MN 12845',235,0,'2016-01-17 09:36:56','2016-01-17 09:36:56'),(333,'491 Wolff Ferry Suite 019\nWest Geovany, KS 78020',236,0,'2016-01-17 09:36:56','2016-01-17 09:36:56'),(334,'3306 Nya Extensions\nMaryberg, NY 62882',236,0,'2016-01-17 09:36:57','2016-01-17 09:36:57'),(335,'35936 Zack Ferry\nFabiolatown, MI 83822',236,0,'2016-01-17 09:36:57','2016-01-17 09:36:57'),(336,'00643 Hills Pine\nCarrollmouth, CA 20744-0719',237,0,'2016-01-17 09:36:57','2016-01-17 09:36:57'),(337,'9541 Jaquan Circles\nSouth Gavin, MS 38442',237,0,'2016-01-17 09:36:57','2016-01-17 09:36:57'),(338,'335 Garrison Land Apt. 615\nKristatown, IN 76048',238,0,'2016-01-17 09:36:57','2016-01-17 09:36:57'),(339,'629 Jason Run Suite 087\nThompsonbury, RI 58128',238,0,'2016-01-17 09:36:57','2016-01-17 09:36:57'),(340,'417 Nikko Locks Suite 871\nBreitenbergburgh, OH 13760',238,0,'2016-01-17 09:36:57','2016-01-17 09:36:57'),(341,'8960 Fritz Roads Apt. 045\nElwintown, MA 90870-8442',239,0,'2016-01-17 09:36:57','2016-01-17 09:36:57'),(342,'42678 Kaleigh Mountains Suite 896\nPort Reyes, IN 01399',239,0,'2016-01-17 09:36:57','2016-01-17 09:36:57'),(343,'4031 Norbert Lights Suite 616\nRunolfssonburgh, NV 69109',239,0,'2016-01-17 09:36:57','2016-01-17 09:36:57'),(344,'74952 Ryan Courts\nYvettefort, WV 38575',240,0,'2016-01-17 09:36:57','2016-01-17 09:36:57'),(345,'5707 Beier Track Suite 948\nNew Jaylen, OR 19228-4799',240,0,'2016-01-17 09:36:57','2016-01-17 09:36:57'),(346,'450 Brakus Ferry Apt. 977\nNorth Raphaelfurt, IL 96023',241,0,'2016-01-17 09:36:57','2016-01-17 09:36:57'),(347,'07211 Haleigh Shores\nPowlowskiview, OR 19557',241,0,'2016-01-17 09:36:57','2016-01-17 09:36:57'),(348,'84072 Travon Terrace Suite 446\nNorth Jordi, HI 72861-0525',242,0,'2016-01-17 09:36:57','2016-01-17 09:36:57'),(349,'875 Parisian Mountain Suite 017\nBrigittehaven, IN 68695',243,0,'2016-01-17 09:36:57','2016-01-17 09:36:57'),(350,'883 Johnson Camp Suite 798\nSouth Euniceborough, FL 12827-4057',243,0,'2016-01-17 09:36:57','2016-01-17 09:36:57'),(351,'931 Conn Forks Apt. 237\nBoylefurt, GA 73646-0436',244,0,'2016-01-17 09:36:57','2016-01-17 09:36:57'),(352,'55076 Alysha Mews\nSchuppeshire, MI 50266',244,0,'2016-01-17 09:36:57','2016-01-17 09:36:57'),(353,'7636 Vena Island\nEast Gradymouth, NJ 67947-9244',244,0,'2016-01-17 09:36:57','2016-01-17 09:36:57'),(354,'469 Kiehn Row Suite 226\nWest Alfordberg, KY 52544-4085',245,0,'2016-01-17 09:36:57','2016-01-17 09:36:57'),(355,'8541 Dewitt Turnpike Suite 772\nEast Oraborough, KY 03504',245,0,'2016-01-17 09:36:57','2016-01-17 09:36:57'),(356,'848 Gerlach Fall\nJosehaven, IN 48176-5727',246,0,'2016-01-17 09:36:57','2016-01-17 09:36:57'),(357,'048 Rubye Falls\nLake Adonis, MN 39136-6268',246,0,'2016-01-17 09:36:57','2016-01-17 09:36:57'),(358,'37204 Zemlak Loaf\nWest Gertrudeborough, NJ 77018-9872',246,0,'2016-01-17 09:36:57','2016-01-17 09:36:57'),(359,'3997 Alda Tunnel Suite 728\nChasitystad, TN 60278-3628',247,0,'2016-01-17 09:36:57','2016-01-17 09:36:57'),(360,'294 Lennie Neck\nHubertshire, DE 64541',247,0,'2016-01-17 09:36:57','2016-01-17 09:36:57'),(361,'5983 Boyle Prairie\nJulienton, GA 80998',249,0,'2016-01-17 09:36:57','2016-01-17 09:36:57'),(362,'9536 Beryl Hill Apt. 063\nPort Dana, SC 98335-4659',250,0,'2016-01-17 09:36:57','2016-01-17 09:36:57'),(363,'7803 Hammes Flats\nHayesville, ME 14928-1661',250,0,'2016-01-17 09:36:57','2016-01-17 09:36:57'),(364,'3129 Prosacco Mills\nOdessabury, FL 18175',253,0,'2016-01-17 09:36:57','2016-01-17 09:36:57'),(365,'011 Breitenberg Circles\nNew Perry, GA 60164-6194',253,0,'2016-01-17 09:36:57','2016-01-17 09:36:57'),(366,'12290 Veum Rest\nLeonorashire, KS 24195',254,0,'2016-01-17 09:36:57','2016-01-17 09:36:57'),(367,'882 Arlo Creek\nDejaton, NV 66620-8191',255,0,'2016-01-17 09:36:57','2016-01-17 09:36:57'),(368,'88521 Kshlerin Streets\nLake Evanport, NV 74530-8388',255,0,'2016-01-17 09:36:57','2016-01-17 09:36:57'),(369,'3495 Predovic Well\nHarberview, CT 11376-3216',255,0,'2016-01-17 09:36:57','2016-01-17 09:36:57'),(370,'9685 Zemlak Canyon Apt. 022\nNorth Delbertton, VT 36868',256,0,'2016-01-17 09:36:57','2016-01-17 09:36:57'),(371,'58526 McGlynn Meadows Suite 721\nWest Amandaville, SD 13093-1968',256,0,'2016-01-17 09:36:57','2016-01-17 09:36:57'),(372,'082 Mekhi Harbors\nNew Tracy, KS 00193-7430',259,0,'2016-01-17 09:36:57','2016-01-17 09:36:57'),(373,'324 Romaguera Knolls Apt. 258\nWest Melyssa, IN 03984-2533',259,0,'2016-01-17 09:36:57','2016-01-17 09:36:57'),(374,'9235 Wendy Curve Suite 280\nMayside, IA 77194',260,0,'2016-01-17 09:36:57','2016-01-17 09:36:57'),(375,'24963 Batz Skyway Apt. 729\nSchmelerside, MA 05291-3556',261,0,'2016-01-17 09:36:57','2016-01-17 09:36:57'),(376,'328 Blaise Keys Suite 661\nEast Caylabury, DE 07145-0881',261,0,'2016-01-17 09:36:57','2016-01-17 09:36:57'),(377,'6128 Selina Spurs Suite 328\nEast Susannachester, CT 06617',262,0,'2016-01-17 09:36:57','2016-01-17 09:36:57'),(378,'7445 Wisozk Cove Apt. 122\nElsetown, RI 55214',262,0,'2016-01-17 09:36:57','2016-01-17 09:36:57'),(379,'868 Nicolas Vista\nPort Tony, NV 54366-3204',264,0,'2016-01-17 09:36:57','2016-01-17 09:36:57'),(380,'801 Stan Summit\nMarcoview, SD 45982-5205',265,0,'2016-01-17 09:36:57','2016-01-17 09:36:57'),(381,'320 Cummerata Expressway\nEast Willachester, KS 99172-4570',266,0,'2016-01-17 09:36:57','2016-01-17 09:36:57'),(382,'274 Kellen Points Apt. 237\nNathanmouth, IA 25181-8207',266,0,'2016-01-17 09:36:57','2016-01-17 09:36:57'),(383,'4379 Flatley Extension Apt. 511\nWest Scottiefurt, AR 76330',268,0,'2016-01-17 09:36:57','2016-01-17 09:36:57'),(384,'766 Gaylord Ramp Apt. 347\nWest Londonhaven, IA 65643-2911',268,0,'2016-01-17 09:36:57','2016-01-17 09:36:57'),(385,'876 Alvah Brooks\nNew Dane, VT 38367',268,0,'2016-01-17 09:36:57','2016-01-17 09:36:57'),(386,'24103 Tillman Common Suite 825\nNew Hester, WI 11426',269,0,'2016-01-17 09:36:57','2016-01-17 09:36:57'),(387,'2478 Doyle Rapids Apt. 079\nShanahanberg, AZ 07774-1790',271,0,'2016-01-17 09:36:57','2016-01-17 09:36:57'),(388,'5060 Stamm Club\nSouth Ayana, AZ 61860',271,0,'2016-01-17 09:36:57','2016-01-17 09:36:57'),(389,'3490 Skiles Causeway\nNew Ottilie, AZ 90258',273,0,'2016-01-17 09:36:57','2016-01-17 09:36:57'),(390,'190 Carroll Lodge Apt. 382\nEast Rusty, CT 51321-4779',274,0,'2016-01-17 09:36:57','2016-01-17 09:36:57'),(391,'96937 Litzy Terrace\nRockymouth, ME 47083-2999',275,0,'2016-01-17 09:36:57','2016-01-17 09:36:57'),(392,'738 Lydia Centers\nWest Forrest, VT 73472-3192',275,0,'2016-01-17 09:36:57','2016-01-17 09:36:57'),(393,'852 Erling Station Apt. 661\nGiuseppefort, AK 05136',275,0,'2016-01-17 09:36:57','2016-01-17 09:36:57'),(394,'15016 Werner Villages\nFritschfurt, NH 12667',276,0,'2016-01-17 09:36:57','2016-01-17 09:36:57'),(395,'2641 Bashirian Brooks\nNew Amelia, ID 09333-3086',276,0,'2016-01-17 09:36:57','2016-01-17 09:36:57'),(396,'5265 Gerlach Glen\nSouth Guillermo, LA 93075',276,0,'2016-01-17 09:36:57','2016-01-17 09:36:57'),(397,'139 Streich Lock Suite 711\nSouth Golda, FL 84702-3547',278,0,'2016-01-17 09:36:57','2016-01-17 09:36:57'),(398,'969 Andreane Expressway Suite 424\nMalcolmborough, ID 30740',278,0,'2016-01-17 09:36:57','2016-01-17 09:36:57'),(399,'98084 McGlynn Extensions\nNorth Grover, ME 11628',280,0,'2016-01-17 09:36:57','2016-01-17 09:36:57'),(400,'292 Pagac Skyway Suite 387\nLemkemouth, VA 79486',280,0,'2016-01-17 09:36:57','2016-01-17 09:36:57'),(401,'75521 Schneider Island\nBernhardburgh, MS 10056-5650',281,0,'2016-01-17 09:36:57','2016-01-17 09:36:57'),(402,'924 Joanne Trail\nEast Paoloside, KY 59986',283,0,'2016-01-17 09:36:57','2016-01-17 09:36:57'),(403,'4263 Luis Route\nLake Evangeline, MT 64322-2696',283,0,'2016-01-17 09:36:57','2016-01-17 09:36:57'),(404,'2664 Letha Rapids Suite 623\nLilianmouth, AZ 19355',284,0,'2016-01-17 09:36:57','2016-01-17 09:36:57'),(405,'85446 Okuneva Ports Suite 389\nNew Darron, ID 02297-7733',284,0,'2016-01-17 09:36:57','2016-01-17 09:36:57'),(406,'2452 Cassin Hollow\nEast Roscoechester, WY 38855-9056',284,0,'2016-01-17 09:36:57','2016-01-17 09:36:57'),(407,'82264 Rosenbaum Mill Apt. 497\nEast Juanita, OH 06036-3405',285,0,'2016-01-17 09:36:57','2016-01-17 09:36:57'),(408,'116 Tremblay Islands\nPort Bertramside, MT 63143-5910',285,0,'2016-01-17 09:36:57','2016-01-17 09:36:57'),(409,'02902 Claudia Point Suite 235\nBayerstad, WY 57604-1243',286,0,'2016-01-17 09:36:57','2016-01-17 09:36:57'),(410,'66277 Nicolas Curve Suite 691\nBogisichborough, ND 59057-9953',286,0,'2016-01-17 09:36:57','2016-01-17 09:36:57'),(411,'63279 Ayana Crescent\nAlessiatown, MI 43786',287,0,'2016-01-17 09:36:57','2016-01-17 09:36:57'),(412,'885 Roderick Loaf Apt. 767\nLake Jerrell, NH 79747',287,0,'2016-01-17 09:36:57','2016-01-17 09:36:57'),(413,'67377 Dach Course\nRueckerton, AR 82677',288,0,'2016-01-17 09:36:57','2016-01-17 09:36:57'),(414,'8242 Waldo Meadows\nNew Quincymouth, MN 13119',288,0,'2016-01-17 09:36:57','2016-01-17 09:36:57'),(415,'543 Kaitlin Isle Suite 854\nSengerbury, TX 76852',289,0,'2016-01-17 09:36:57','2016-01-17 09:36:57'),(416,'8796 Zemlak Views Suite 181\nLegrosshire, KS 47327-1958',289,0,'2016-01-17 09:36:57','2016-01-17 09:36:57'),(417,'526 Franecki Islands Apt. 719\nSipeschester, ND 09072-3247',289,0,'2016-01-17 09:36:57','2016-01-17 09:36:57'),(418,'563 McGlynn Plaza\nStefanieville, CO 52362-7226',290,0,'2016-01-17 09:36:57','2016-01-17 09:36:57'),(419,'3607 Kitty Plains\nAnyamouth, WY 37103-8950',292,0,'2016-01-17 09:36:57','2016-01-17 09:36:57'),(420,'74297 Metz Motorway Apt. 283\nCheyannefort, OK 84878',295,0,'2016-01-17 09:36:57','2016-01-17 09:36:57'),(421,'3181 Thompson Via\nDewittchester, IA 51201',295,0,'2016-01-17 09:36:57','2016-01-17 09:36:57'),(422,'8105 Davonte Crossing\nNorth Tito, WA 75854',296,0,'2016-01-17 09:36:57','2016-01-17 09:36:57'),(423,'5665 Koss Ports\nLake Joey, KS 71205-7741',297,0,'2016-01-17 09:36:57','2016-01-17 09:36:57'),(424,'728 Gerda Extension\nKutchland, ID 58479',297,0,'2016-01-17 09:36:58','2016-01-17 09:36:58'),(425,'83508 Stracke Unions Suite 400\nHoseafurt, AZ 73389',298,0,'2016-01-17 09:36:58','2016-01-17 09:36:58'),(426,'47640 Dawson Viaduct\nJarodbury, KY 91146-5014',298,1,'2016-01-19 12:56:56','2016-01-17 09:36:58'),(427,'1698 Minnie Fields\nZakaryland, IN 17735',298,0,'2016-01-17 09:36:58','2016-01-17 09:36:58'),(428,'9690 Goldner Ridge\nPort Geovanyshire, IN 46003-9775',299,0,'2016-01-17 09:36:58','2016-01-17 09:36:58'),(436,'123 Van Chung Sai Gon',298,0,'2016-01-19 11:40:24','2016-01-19 11:40:24'),(437,'Kualar Lampua',298,0,'2016-01-20 09:09:35','2016-01-20 09:09:35'),(438,'ABCDEF E',298,0,'2016-01-23 09:33:13','2016-01-23 09:33:13'),(439,'ABC',31,0,'2016-01-23 09:34:42','2016-01-23 09:34:42'),(440,'46 Van Chung Tan Binh TP SAi Gon',299,0,'2016-01-24 03:43:23','2016-01-24 03:43:23'),(441,'DEF GHK',298,0,'2016-01-25 09:04:13','2016-01-25 09:04:13'),(442,'123 Nguyen Hue Tay SOn',298,0,'2016-01-28 05:34:59','2016-01-28 05:34:59');
/*!40000 ALTER TABLE `addresses` ENABLE KEYS */;
UNLOCK TABLES;

--
-- Table structure for table `brands`
--

DROP TABLE IF EXISTS `brands`;
/*!40101 SET @saved_cs_client     = @@character_set_client */;
/*!40101 SET character_set_client = utf8 */;
CREATE TABLE `brands` (
  `id` int(10) unsigned NOT NULL AUTO_INCREMENT,
  `name` varchar(255) COLLATE utf8_unicode_ci NOT NULL,
  `created_at` timestamp NOT NULL DEFAULT CURRENT_TIMESTAMP ON UPDATE CURRENT_TIMESTAMP,
  `updated_at` timestamp NOT NULL DEFAULT '0000-00-00 00:00:00',
  PRIMARY KEY (`id`)
) ENGINE=InnoDB AUTO_INCREMENT=5 DEFAULT CHARSET=utf8 COLLATE=utf8_unicode_ci;
/*!40101 SET character_set_client = @saved_cs_client */;

--
-- Dumping data for table `brands`
--

LOCK TABLES `brands` WRITE;
/*!40000 ALTER TABLE `brands` DISABLE KEYS */;
INSERT INTO `brands` VALUES (1,'Sony','2016-01-25 18:05:11','0000-00-00 00:00:00'),(2,'Samsung','2016-01-25 18:05:11','0000-00-00 00:00:00'),(3,'P&G','2016-01-25 18:05:11','0000-00-00 00:00:00'),(4,'Unilever','2016-01-25 18:05:11','0000-00-00 00:00:00');
/*!40000 ALTER TABLE `brands` ENABLE KEYS */;
UNLOCK TABLES;

--
-- Table structure for table `customers`
--

DROP TABLE IF EXISTS `customers`;
/*!40101 SET @saved_cs_client     = @@character_set_client */;
/*!40101 SET character_set_client = utf8 */;
CREATE TABLE `customers` (
  `id` int(10) unsigned NOT NULL AUTO_INCREMENT,
  `name` varchar(255) COLLATE utf8_unicode_ci NOT NULL,
  `gender` tinyint(4) NOT NULL,
  `dob` date NOT NULL,
  `email` varchar(255) COLLATE utf8_unicode_ci DEFAULT NULL,
  `mobile_phone` varchar(255) COLLATE utf8_unicode_ci NOT NULL,
  `home_phone` varchar(255) COLLATE utf8_unicode_ci DEFAULT NULL,
  `address` varchar(255) COLLATE utf8_unicode_ci NOT NULL,
  `image` varchar(255) COLLATE utf8_unicode_ci NOT NULL,
  `description` varchar(255) COLLATE utf8_unicode_ci NOT NULL,
  `created_at` timestamp NOT NULL DEFAULT CURRENT_TIMESTAMP ON UPDATE CURRENT_TIMESTAMP,
  `updated_at` timestamp NOT NULL DEFAULT '0000-00-00 00:00:00',
  PRIMARY KEY (`id`),
  UNIQUE KEY `mobile_phone` (`mobile_phone`),
  UNIQUE KEY `email` (`email`),
  UNIQUE KEY `home_phone` (`home_phone`)
) ENGINE=InnoDB AUTO_INCREMENT=309 DEFAULT CHARSET=utf8 COLLATE=utf8_unicode_ci;
/*!40101 SET character_set_client = @saved_cs_client */;

--
-- Dumping data for table `customers`
--

LOCK TABLES `customers` WRITE;
/*!40000 ALTER TABLE `customers` DISABLE KEYS */;
INSERT INTO `customers` VALUES (1,'Luisa Klocko',2,'2004-10-09','Floyd90@hotmail.com','443.798.6402x7638','+89(2)2548304481','2305 Hassie LocksSouth Carolyntown, AZ 41859-3850','1453052218.jpg','Officiis veritatis optio ullam unde et omnis.','2016-01-17 17:37:00','2016-01-17 10:37:00'),(2,'Ms. Jammie Swaniawski',1,'1992-01-30','jCole@Herzog.com','(669)552-4433','116.299.2453x65309','0960 Daren StravenueLake Annie, CA 86358','1453052233.jpg','Sed ut libero vel ab porro nemo cum.','2016-01-17 17:37:14','2016-01-17 10:37:14'),(3,'Dr. Estelle Gulgowski',1,'1991-06-13','Pamela16@Boyer.info','+93(6)7159826085','1-406-412-6302','78495 Wunsch Trafficway Apt. 698East Lolaberg, NH 91382','1453052241.jpg','Est quia itaque quia velit quia et non.','2016-01-17 17:37:22','2016-01-17 10:37:22'),(4,'Heather Keeling',1,'2001-05-18','Franco.Krajcik@Marks.org','645-988-2025','732-657-0865','57660 Collier SquareCaroleview, OK 85500-6253','1453052248.jpg','Tempore aut pariatur porro.','2016-01-17 17:37:29','2016-01-17 10:37:29'),(5,'Ms. Tressa Fisher V',2,'2006-07-24','jGusikowski@Adams.info','1-049-612-8565','09085554531','12889 Janice ParkWest Theresa, MA 01506','1453052255.jpg','Est omnis quos error quam impedit quos.','2016-01-17 17:37:36','2016-01-17 10:37:36'),(6,'Ismael Hammes',2,'2013-07-17','Gabe11@yahoo.com','203-954-5769x3878','+13(3)3023737401','2231 Monahan RowWest Selmertown, CO 17496','1453052263.jpg','Minus quo recusandae asperiores eum incidunt quas similique voluptatibus.','2016-01-17 17:37:44','2016-01-17 10:37:44'),(7,'Reagan Orn',2,'2002-09-02','Rashad.Treutel@yahoo.com','563-239-7474','(697)909-9516','032 Maye Squares\nKaylihaven, ND 60522-9905','','Tenetur non nobis non deleniti molestiae.','2016-01-17 09:31:03','2016-01-17 09:31:03'),(8,'Marjorie Streich',1,'1975-09-08','Trystan87@gmail.com','1-059-650-7732','1-587-928-7575x0492','13531 Kavon Camp\nBonniefort, SC 22974-4296','','Assumenda velit eligendi et reprehenderit.','2016-01-17 09:31:03','2016-01-17 09:31:03'),(9,'Joana Goldner',1,'2003-12-18','Lina46@gmail.com','1-179-373-5668','248-274-4249x22274','4567 Andres Heights Apt. 900\nPort Harrisonmouth, GA 08274','','Quibusdam at asperiores ut minima amet ut veniam.','2016-01-17 09:31:03','2016-01-17 09:31:03'),(10,'Everardo Kub',1,'1988-05-06','Ryder71@yahoo.com','686.772.2582x2388','(109)047-6074','285 Witting Green Suite 986\nArnulfomouth, NJ 60838','','Ducimus aspernatur aut quidem unde voluptate.','2016-01-17 09:31:03','2016-01-17 09:31:03'),(11,'Itzel Lockman IV',2,'1980-11-08','Kerluke.Micah@yahoo.com','1-309-696-9707x02591','1-434-330-0466x2689','48065 Oswaldo Wells Apt. 998\nHarbertown, PA 16900-6052','','Est qui similique facilis quaerat natus aut quo.','2016-01-17 09:31:03','2016-01-17 09:31:03'),(12,'Prof. Dallas Tillman',1,'1977-01-29','qGoyette@Hansen.org','(568)896-8775x046','03286047796','86434 Goldner Bypass Apt. 357\nWest Jennieland, WV 44238','','Quod dolorum quia vel accusantium in odit.','2016-01-17 09:31:03','2016-01-17 09:31:03'),(13,'Hollis Prosacco',2,'1993-01-04','Denesik.Nikki@McGlynn.com','817.405.7099x193','751-989-5223x08541','20907 Crist Cape Apt. 208\nWest Margarita, WY 61699-3068','','Nam consequatur nulla esse libero voluptatem consequuntur facilis.','2016-01-17 09:31:03','2016-01-17 09:31:03'),(14,'Miss Estelle Rath',2,'1992-07-26','gAdams@hotmail.com','336.140.2848x334','(969)073-2975','08397 Tyson Points Apt. 070\nNorth Jonathanside, KS 67815-9307','','Asperiores asperiores ab quis eos nostrum.','2016-01-17 09:31:03','2016-01-17 09:31:03'),(15,'Dr. Kristy Okuneva PhD',1,'2000-11-21','sMarvin@Pagac.com','338-960-4583x5594','064.501.4753x661','20294 Bridget Tunnel Apt. 827\nKingfort, KY 86810-9923','','Doloremque iure ex sunt ut nesciunt sapiente recusandae.','2016-01-17 09:31:03','2016-01-17 09:31:03'),(16,'Cindy Renner II',2,'1984-04-18','Dibbert.Sherman@Jast.com','351-284-1874x1152','255-101-5172x467','6372 Howell Fork Apt. 722\nSporerburgh, WV 82612','','Ut illum explicabo beatae labore expedita.','2016-01-17 09:31:03','2016-01-17 09:31:03'),(17,'Ms. Jana Eichmann',1,'1970-02-03','eBins@hotmail.com','(944)692-2270x38774','1-289-269-7689x411','497 Ines Harbor Suite 658\nLynchmouth, MS 84745-2197','','Aliquam quo vitae eligendi consequatur quaerat sit qui.','2016-01-17 09:31:03','2016-01-17 09:31:03'),(18,'Hugh Veum',2,'1981-07-24','pFriesen@Anderson.net','+74(3)8102689186','521.827.0016x1148','510 Brett Greens\nCedrickmouth, MS 44876-9062','','Commodi laboriosam in et illum tempore tempore sed.','2016-01-17 09:31:03','2016-01-17 09:31:03'),(19,'Prof. Velva Mills IV',1,'2014-05-29','Nicklaus.Kemmer@Paucek.biz','872.805.7431x188','(975)440-4433','3720 Sylvan Rue Suite 186\nSouth Alekland, WY 18560-4326','','Et natus repudiandae quasi voluptatem dolorem aut.','2016-01-17 09:31:03','2016-01-17 09:31:03'),(20,'Ervin Adams',1,'1993-11-17','Borer.Tre@Konopelski.com','(987)640-7454','(862)274-7397x671','585 Jerde Corners Apt. 967\nO\'Connellfurt, IN 00901-9832','','Eum quos illo alias totam.','2016-01-17 09:31:03','2016-01-17 09:31:03'),(21,'Werner Halvorson V',2,'2012-04-15','Ron.Muller@gmail.com','(316)399-4707x866','835-511-2889','16736 Kurt Junctions\nNew Opheliashire, NE 08560-9694','','Quis nemo laboriosam et fugiat excepturi vel.','2016-01-17 09:31:03','2016-01-17 09:31:03'),(22,'Mrs. Cali Turcotte',1,'2011-03-04','Rice.Glenda@gmail.com','1-370-752-4145','+00(1)7603023158','97893 Becker Crossing\nKertzmannport, NY 50931','','Itaque et quo autem eaque asperiores.','2016-01-17 09:31:03','2016-01-17 09:31:03'),(23,'Maymie Hamill',1,'1988-10-23','Christop.Hahn@gmail.com','508.307.3393x48834','+60(0)1130562621','94316 Bednar Mall Suite 472\nNorth Lizamouth, WI 15521','','Et ut aut omnis dolore excepturi.','2016-01-17 09:31:03','2016-01-17 09:31:03'),(24,'Delphine Haley',2,'1996-05-13','Hessel.Kamryn@Towne.org','445-799-9481','+47(7)4059090386','47032 Lew Isle\nSouth Kennahaven, GA 46071','','Et dolorem dolor maiores illo.','2016-01-17 09:31:03','2016-01-17 09:31:03'),(25,'Mr. Caleb Will',1,'1990-07-23','August.Wolff@Purdy.biz','+74(9)0789449553','08120076312','868 Strosin Throughway\nEast Kobeton, DC 24487','','Recusandae totam sint alias enim quos.','2016-01-17 09:31:03','2016-01-17 09:31:03'),(26,'Alvera Keebler DDS',1,'1987-08-01','Elise98@gmail.com','913.676.6395x8891','(545)668-2787x4610','151 Dicki Heights\nNorth Emmyburgh, NY 46177','','Earum sed quia rerum.','2016-01-17 09:31:03','2016-01-17 09:31:03'),(27,'Prof. Reilly Pollich III',1,'2010-03-02','Etha23@yahoo.com','428.227.1591x11703','(854)746-9346x68687','156 Brown Falls\nMattieshire, OR 16200','','Eos cumque quia dolore aut velit voluptatem.','2016-01-17 09:31:03','2016-01-17 09:31:03'),(28,'Kenyon Corwin I',2,'2012-03-23','Margaret21@gmail.com','1-401-310-7750x3844','1-798-182-3521','3756 Kole Turnpike\nPort Dereckmouth, ND 50838','','Provident provident natus ut tempora.','2016-01-17 09:31:03','2016-01-17 09:31:03'),(29,'Miss Emelie Heaney III',1,'2002-06-25','Miller.Athena@hotmail.com','+58(3)4929053872','(260)861-9435x0240','4228 Rosalee Plains\nLake Garrick, AZ 53930-9206','','Vitae voluptas accusantium non cum.','2016-01-17 09:31:03','2016-01-17 09:31:03'),(30,'Taryn Friesen',2,'2009-09-15','Gretchen.Beer@Rowe.net','917.042.0504x2034','799.131.7443x2950','967 Ankunding Loop\nCamillabury, OH 76900','','Accusamus unde tempora nam dolore.','2016-01-17 09:31:03','2016-01-17 09:31:03'),(31,'Miss Maudie Kutch',2,'2012-11-24','Orland.Mann@Casper.com','07482451246','1-517-880-6917x7649','10907 Alejandra Parkways\nBrakuston, SD 29131-7441','','Sit optio aut dolor esse et sint nemo.','2016-01-17 09:31:03','2016-01-17 09:31:03'),(32,'Eddie Kiehn',2,'1974-04-04','Weber.Molly@gmail.com','(677)229-1434x27685','07206638020','219 Rodriguez Light\nWest Wilbertland, FL 42668','','Hic vel voluptatem sunt rerum sapiente.','2016-01-17 09:31:03','2016-01-17 09:31:03'),(33,'Saul Batz',1,'1978-06-15','Chauncey.Wiegand@Langosh.com','+13(8)3469768836','954-861-7373x5005','9835 Bins Circle\nNorth Avery, WA 23269-0183','','Qui nemo esse sint fugit.','2016-01-17 09:31:03','2016-01-17 09:31:03'),(34,'Ms. Simone Miller III',2,'1982-09-18','Tressie.Runolfsson@yahoo.com','179-187-2622','08027437903','41682 Wyman Estates\nPort Brandiberg, WI 63759','','Praesentium accusantium fugit eum excepturi voluptatem.','2016-01-17 09:31:03','2016-01-17 09:31:03'),(35,'Myriam Fritsch',1,'2012-10-12','Prosacco.Isaac@Runolfsson.com','+49(7)3785176438','482-112-2056','3623 Sipes Camp Suite 998\nWest Elvie, KY 69373-3884','','Quia animi ipsam libero sint totam molestiae est.','2016-01-17 09:31:03','2016-01-17 09:31:03'),(36,'Retta Graham',1,'1998-10-07','Aniyah63@hotmail.com','(160)204-5302x618','09669613629','7007 Kenya Meadow Apt. 269\nArdellaport, ID 43703-8251','','Inventore nostrum ut eos eveniet et.','2016-01-17 09:31:03','2016-01-17 09:31:03'),(37,'Rossie Walker',1,'1978-04-06','vBayer@hotmail.com','(918)094-4363','159-348-2011','8211 Kuphal Summit\nPort Xander, MN 82111','','Vitae quae cumque aut id sed.','2016-01-17 09:31:03','2016-01-17 09:31:03'),(38,'Dr. Magnus Walker DDS',1,'1996-07-01','tSpinka@yahoo.com','949.922.0538','(033)553-6724','75671 Kulas Streets Apt. 047\nNorth Mohamedchester, TX 02837-3052','','Beatae sit nisi delectus eum reprehenderit eos.','2016-01-17 09:31:03','2016-01-17 09:31:03'),(39,'Donavon Kertzmann',2,'1982-01-10','jVandervort@Wuckert.com','032-221-7754x5798','837.161.5296x02541','6051 Douglas Brooks\nNew Taramouth, ID 67107-9406','','Iste deleniti molestias corporis nemo.','2016-01-17 09:31:03','2016-01-17 09:31:03'),(40,'Holden Dibbert DDS',2,'1985-01-31','xWolff@yahoo.com','(908)306-7778x266','183.482.4844x20619','4859 Wilburn Orchard\nJeffereychester, VT 89933','','Libero incidunt qui consequatur ipsam occaecati.','2016-01-17 09:31:03','2016-01-17 09:31:03'),(41,'Toby Schowalter',1,'2009-11-25','rLubowitz@Howell.biz','1-743-848-8591','(968)148-6511x340','7186 Koss Ford Apt. 831\nNew Emeliechester, VT 44150-9025','','Nostrum perferendis perspiciatis neque reprehenderit explicabo.','2016-01-17 09:31:03','2016-01-17 09:31:03'),(42,'Justus Watsica',1,'1979-10-07','Braeden.Vandervort@Stark.com','1-516-098-2209x6513','655.321.8210x894','299 Sipes Passage Apt. 140\nEast Wadeberg, SC 64521','','Accusamus itaque dolor sequi a non.','2016-01-17 09:31:03','2016-01-17 09:31:03'),(43,'Mr. Hans Walsh',2,'1999-12-11','Dicki.Ramiro@gmail.com','547.972.8891x62233','(582)716-5598x783','7674 Waldo Plaza Apt. 038\nLake Carolyn, DC 55501','','Fuga saepe et aut enim earum.','2016-01-17 09:31:03','2016-01-17 09:31:03'),(44,'Michele Murray',1,'1998-12-09','Danyka31@Connelly.com','1-561-926-3315x6607','610.619.3756','228 Russel Mountain\nWest Kelsie, VT 79786','','Molestias facere dolores deleniti corporis qui laudantium sit.','2016-01-17 09:31:03','2016-01-17 09:31:03'),(45,'Ms. Gerda Thiel III',1,'2004-02-17','Dena.Lockman@Runte.com','572.170.9888','315.890.4257x5367','239 Crooks Burgs\nLake Anahi, OR 10858','','Recusandae maxime aut aut aperiam animi.','2016-01-17 09:31:03','2016-01-17 09:31:03'),(46,'Patricia Thompson',1,'1988-07-04','Laisha63@OConner.com','969-698-0211x6428','735-967-2442','0819 Kristina Views\nNorth Jaymeport, ND 34594','','Ipsa nemo exercitationem eaque blanditiis unde id.','2016-01-17 09:31:03','2016-01-17 09:31:03'),(47,'Prof. Etha Hackett',2,'2008-12-19','Mariah89@Lemke.net','1-899-638-7934','1-576-422-1489x183','438 Deon Divide Apt. 586\nStarkshire, WI 05187-6305','','Adipisci et veritatis optio in odio.','2016-01-17 09:31:03','2016-01-17 09:31:03'),(48,'Sheldon Hodkiewicz',1,'1979-09-22','Pedro20@Goodwin.com','+02(4)6846899002','1-334-719-6357x397','37915 Rutherford Center\nEast Mafalda, NC 79138','','Officia quo id rerum ipsum voluptatem sequi et.','2016-01-17 09:31:03','2016-01-17 09:31:03'),(49,'Rosalyn Collins',1,'1970-10-02','Jovani07@Conroy.biz','+57(5)5455613299','375-374-8482','93579 Julia Cliffs Suite 982\nEast Pietro, HI 34092-0737','','Earum ratione rerum adipisci asperiores ut eaque cumque.','2016-01-17 09:31:03','2016-01-17 09:31:03'),(50,'Demetris Larkin DDS',1,'1989-06-05','Julien12@gmail.com','1-792-573-0720','(718)646-7328','17535 Joan Corners\nWest Tevinfurt, MI 53612','','Eum voluptatum suscipit est.','2016-01-17 09:31:03','2016-01-17 09:31:03'),(51,'Aletha Gislason',1,'1998-07-10','Kessler.Nestor@Rippin.net','(853)414-4987x3060','221.951.1544x17056','453 Mills Falls\nEast Tyrell, AZ 14346-0013','','Sit et placeat hic omnis sequi deserunt qui.','2016-01-17 09:31:04','2016-01-17 09:31:04'),(52,'Ms. Tomasa Hodkiewicz MD',2,'1980-04-05','Runte.Carolanne@gmail.com','975.221.3100','(035)411-1691','967 Samir Canyon\nNorth Carley, CA 79220-4426','','Facilis ea iste qui recusandae.','2016-01-17 09:31:04','2016-01-17 09:31:04'),(53,'Amie McGlynn',2,'2000-10-11','wKiehn@yahoo.com','448.791.6442','+61(0)5536316879','850 Shields Unions Suite 567\nEast Timmothy, WA 11353','','Optio nesciunt in molestias voluptates ullam pariatur.','2016-01-17 09:31:04','2016-01-17 09:31:04'),(54,'Dr. Randal Wolff DDS',1,'1972-11-30','Amira.Cassin@Kessler.com','678-624-2262','954-610-4208','85495 Pierre Fords Apt. 889\nSchoenstad, NY 55592','','Aliquam quisquam voluptatem exercitationem sapiente vel sapiente ea.','2016-01-17 09:31:04','2016-01-17 09:31:04'),(55,'Agustin Graham',2,'1977-01-01','lReichel@Lockman.com','997.139.9934','894-646-4318x68224','446 Grant Forest\nLednermouth, ND 92118','','Tempore exercitationem nesciunt totam.','2016-01-17 09:31:04','2016-01-17 09:31:04'),(56,'Tate Simonis',2,'2005-01-05','Fisher.Lauryn@Hyatt.org','1-007-372-8827x550','702-073-8890x9061','469 Carter Coves\nTorphaven, OK 22500','','Rerum a quam in.','2016-01-17 09:31:04','2016-01-17 09:31:04'),(57,'Ms. Viviane Jast',2,'1986-10-22','Gust.Haag@hotmail.com','1-851-971-0179x84000','105.357.8761','1756 Mayer Road Apt. 145\nAndersonberg, TX 16676','','Perspiciatis a rerum earum minima.','2016-01-17 09:31:04','2016-01-17 09:31:04'),(58,'Madonna Kuphal MD',1,'1991-05-16','Asa88@hotmail.com','+27(1)6161308875','(698)659-4277x347','762 Kenneth Union Apt. 829\nLake Walterton, OK 05816','','Fuga sunt quo unde aut iste.','2016-01-17 09:31:04','2016-01-17 09:31:04'),(59,'Dr. Arthur Hammes II',2,'1974-04-08','Boyle.Zoila@gmail.com','243.122.3980','1-969-783-3263','29202 Lowe Road Apt. 056\nPort Kathrynfort, NC 78269-3848','','Eligendi dolores est blanditiis ea.','2016-01-17 09:31:04','2016-01-17 09:31:04'),(60,'Esperanza Terry',1,'2015-10-02','fMiller@Mosciski.net','1-377-454-4988','245.369.3487','4575 Marquise Lodge\nPort Tremaine, SD 03602-9906','','Sint corrupti ad magni dolor autem sit odit.','2016-01-17 09:31:04','2016-01-17 09:31:04'),(61,'Delaney Feeney',1,'1998-10-09','Flo.Runte@Witting.com','1-595-927-5492x68230','158.355.0287x498','685 Von Valley Apt. 773\nJustenchester, OH 35087-6665','','Est voluptatibus error consequuntur nisi doloribus sit.','2016-01-17 09:31:04','2016-01-17 09:31:04'),(62,'Orpha Lesch',2,'2009-12-02','qSipes@yahoo.com','1-167-219-0610x711','1-460-093-3739','455 Sonia Union\nNorth Kristofer, MN 11654-3310','','Voluptas voluptatem eaque accusantium similique quia.','2016-01-17 09:31:04','2016-01-17 09:31:04'),(63,'Carolyn Hyatt',2,'1975-07-18','qKub@Smith.com','(376)104-1749','104.021.6690','73906 Blaze Court Apt. 382\nPort Madieview, NM 92148','','Voluptate eos sit rerum praesentium praesentium et ullam.','2016-01-17 09:31:04','2016-01-17 09:31:04'),(64,'Mr. Dewitt Hegmann DDS',1,'1978-02-17','Mohr.Albertha@Schinner.biz','(610)949-1207x7597','229-306-7508','2675 Wisozk Divide Apt. 689\nJewellfurt, WY 66883-0931','','Voluptatem sed vitae rerum similique nobis.','2016-01-17 09:31:04','2016-01-17 09:31:04'),(65,'Juanita Aufderhar',2,'1984-02-24','Imelda.Little@Weimann.com','1-560-059-6884','855-383-5237','0057 Watsica Vista\nCarleybury, VT 17640-9388','','Aut laborum sint aperiam cupiditate magni quo.','2016-01-17 09:31:04','2016-01-17 09:31:04'),(66,'Drake Hilll',2,'1974-01-22','Fredy.Johnston@Hodkiewicz.com','(548)235-4166x22220','(282)275-7430x663','270 Mekhi Passage\nNew Lazaro, WY 97353-8034','','Dolores dolorum occaecati consequatur.','2016-01-17 09:31:04','2016-01-17 09:31:04'),(67,'Harold Koelpin III',1,'1991-10-22','Delphia.Swaniawski@hotmail.com','(662)040-7820x1345','(445)566-7800x236','9779 Gino Circles\nNorth Cassie, AZ 32412-6722','','Culpa veniam ducimus nam eum et quos laboriosam.','2016-01-17 09:31:04','2016-01-17 09:31:04'),(68,'Prof. Ozella Hayes I',2,'1972-07-13','Paige.Doyle@Walsh.biz','(315)517-6495x06624','+63(1)7756119762','6579 Kaleb Highway\nMaximilliaton, TN 96334-8537','','Eaque pariatur harum vel similique.','2016-01-17 09:31:04','2016-01-17 09:31:04'),(69,'Buford Krajcik',2,'1977-10-14','Mckenna15@Adams.org','1-680-982-4572','(099)021-4606x92905','969 McCullough Via Apt. 180\nLake Kenyaborough, PA 26387','','Corporis corrupti omnis tempore ipsum molestiae magnam doloremque.','2016-01-17 09:31:04','2016-01-17 09:31:04'),(70,'Hildegard Bradtke',2,'2012-03-12','jDickinson@gmail.com','504.132.4914x8906','648-371-8968','87434 Dibbert Heights Apt. 879\nLarkinchester, OK 05774-5808','','Fugiat aperiam doloribus tenetur sequi modi nihil cumque eligendi.','2016-01-17 09:31:04','2016-01-17 09:31:04'),(71,'Dessie Labadie',1,'2006-10-25','Manuela45@Howe.info','+24(5)6873997029','1-099-714-1998','5557 Maci Cliffs\nMurazikton, WI 03908','','Quo libero tempora nihil voluptatem et et sapiente.','2016-01-17 09:31:04','2016-01-17 09:31:04'),(72,'Mr. Dion Glover Jr.',2,'2012-05-03','Ottis.Sanford@Boyle.biz','1-918-420-4652x7968','571-745-4683','002 Hand Shoal Suite 266\nNew Johnnie, FL 09893-9995','','Tempore ducimus quis consequatur omnis perferendis.','2016-01-17 09:31:04','2016-01-17 09:31:04'),(73,'Chaya Koepp',2,'2005-06-20','zPadberg@hotmail.com','1-542-789-1169','(754)154-3959x56301','9850 Bruen Mountain\nSouth Dustinland, NV 23485-1712','','Voluptatem illo voluptas sit.','2016-01-17 09:31:04','2016-01-17 09:31:04'),(74,'Henderson Kemmer',1,'1977-01-17','Arthur50@gmail.com','416.438.3830x3778','+69(5)7936613257','683 Cormier Field Apt. 390\nAbrahamchester, NY 09800-8351','','Inventore consequatur quaerat laborum sit iure dolorum qui.','2016-01-17 09:31:04','2016-01-17 09:31:04'),(75,'Milan Bednar',2,'1999-09-07','xTerry@yahoo.com','552-691-2704x165','653-673-8943','0030 Stefan Extensions Suite 817\nHeidenreichborough, KY 28719','','Quos iure consectetur qui voluptatibus ad nihil atque.','2016-01-17 09:31:04','2016-01-17 09:31:04'),(76,'Mr. Freddie Marvin V',2,'2010-10-26','rJenkins@gmail.com','(220)657-3108x345','909.966.5079x53884','995 Kuphal Dale\nSouth Madisyn, KY 19971-2893','','Expedita est sit corporis illum quos.','2016-01-17 09:31:04','2016-01-17 09:31:04'),(77,'Mr. Miller Conn PhD',1,'1981-06-16','cHauck@Skiles.biz','1-166-361-0395x1311','1-126-533-6790','285 Gislason Green\nTreutelmouth, MO 45049-0065','','Facere illo modi quasi.','2016-01-17 09:31:04','2016-01-17 09:31:04'),(78,'Tyrese Tromp',2,'1984-01-08','Brielle89@Hansen.biz','1-504-342-3000','595-041-7541x706','881 Nadia Heights\nPort Ursulaburgh, IN 54993-9491','','Et ad ut ullam dolorum debitis.','2016-01-17 09:31:04','2016-01-17 09:31:04'),(79,'Lydia McLaughlin',2,'1992-08-10','Casey.Hyatt@Legros.com','706-860-5138x79885','+71(7)5506780692','408 Purdy Rapid Suite 808\nCydneyton, OK 89636','','Consequuntur ut maiores suscipit molestias.','2016-01-17 09:31:04','2016-01-17 09:31:04'),(80,'Adam Shanahan',1,'2007-05-03','Ernser.Rachael@hotmail.com','(735)759-9316x043','689.038.8015x55306','0209 Jeffry Summit\nWindlerborough, HI 69777','','Tenetur labore velit sunt ut.','2016-01-17 09:31:04','2016-01-17 09:31:04'),(81,'Perry Bernier',1,'1976-04-21','Ibrahim.Auer@Haley.net','029.124.3407','(990)408-3530x9225','370 McLaughlin Brook\nMeaganview, VT 03495','','Pariatur repudiandae odit quis minima.','2016-01-17 09:31:04','2016-01-17 09:31:04'),(82,'Shaniya Luettgen',2,'1997-06-07','Heaney.Tyreek@gmail.com','+76(9)2619698063','046-386-2747x4829','8502 Antonia Glen\nNew Abagailburgh, NC 94942-4250','','Cum consequatur eaque at.','2016-01-17 09:31:04','2016-01-17 09:31:04'),(83,'Eveline Torp',2,'1975-09-10','Hipolito.Walker@yahoo.com','+19(7)8250098302','1-956-097-6685x63048','096 Kenny Greens Suite 500\nWest Christopheport, CT 71307','','Vel mollitia minus sint quia dolore explicabo quo.','2016-01-17 09:31:04','2016-01-17 09:31:04'),(84,'Eric Mertz',2,'1977-03-10','Bernadette45@gmail.com','046.409.4870x448','354-612-0224','66833 Schneider Pike Apt. 025\nVanessachester, SC 57819-3985','','Voluptatem vitae voluptas repudiandae modi quae a.','2016-01-17 09:31:04','2016-01-17 09:31:04'),(85,'Marcelino Bogisich',1,'2004-11-29','Virgil52@Ebert.com','271-067-7713x8450','(510)251-0825','396 Torphy Villages Apt. 554\nWest Marcos, NC 11244','','Quo cum sequi occaecati doloribus voluptates et.','2016-01-17 09:31:04','2016-01-17 09:31:04'),(86,'Emmitt Larson',2,'2015-01-02','Fadel.Dominic@yahoo.com','1-363-031-0340x26412','382.497.2408x3164','1745 Bill Creek\nEast Elainamouth, NJ 57347-8076','','Quia non voluptatem ut velit consequuntur sunt.','2016-01-17 09:31:04','2016-01-17 09:31:04'),(87,'Stanford Fisher',1,'1997-08-14','bOlson@Batz.org','(024)654-5849','+68(0)4408552988','838 Jenkins Island\nPort Royalton, AL 00876-0400','','Placeat mollitia omnis ipsa doloribus est.','2016-01-17 09:31:04','2016-01-17 09:31:04'),(88,'Claudie Torp',1,'1999-07-30','Bode.Mylene@Raynor.com','261.232.1552','1-136-807-9442x509','623 Arvid Fields\nClaudiaside, TN 45876','','Nam cupiditate alias nihil.','2016-01-17 09:31:04','2016-01-17 09:31:04'),(89,'Elvie Paucek',1,'2011-05-26','Adrian.Hammes@Sauer.com','(642)600-3404x08433','853-554-7071x300','46781 Heidenreich Mountains Apt. 575\nSouth Websterville, MN 30985','','Quis molestiae debitis ipsum unde maxime odit.','2016-01-17 09:31:04','2016-01-17 09:31:04'),(90,'Mr. Boyd Towne',1,'2015-03-01','Maude.Bogisich@Pfannerstill.biz','(884)536-8640x3315','+76(9)2050661388','9248 Jaida Isle\nMyamouth, AR 05568','','Amet sed autem non sunt totam doloribus.','2016-01-17 09:31:04','2016-01-17 09:31:04'),(91,'Milan Schroeder III',1,'1982-08-28','Larkin.Elvis@Haley.biz','(764)330-1441','647.573.5362x50061','6740 Emard Curve\nKovacekburgh, MD 42913','','Ab excepturi dolores magni.','2016-01-17 09:31:04','2016-01-17 09:31:04'),(92,'Katarina Reichel',1,'1986-07-20','dHackett@hotmail.com','512-859-7243','1-690-957-9879x037','685 Volkman Mission Apt. 454\nWest Vanessabury, OH 89374','','Dolores ad possimus occaecati.','2016-01-17 09:31:04','2016-01-17 09:31:04'),(93,'Prof. Maryam Hagenes',2,'1988-08-20','Maxime35@hotmail.com','553-510-3053x64751','1-432-141-7737x9495','10181 Ruben Burg\nSouth Ronaldoside, SD 67638','','Alias cumque quos earum quis quia quo sunt perferendis.','2016-01-17 09:31:04','2016-01-17 09:31:04'),(94,'Norene Feeney',2,'2008-03-05','Juliet.Heathcote@Glover.com','(172)383-2383x767','00113148630','4170 Trantow River Apt. 478\nJessetown, AL 25730-7278','','Explicabo nihil voluptatum ut enim.','2016-01-17 09:31:04','2016-01-17 09:31:04'),(95,'Freda Kassulke',1,'1996-08-17','dKertzmann@Dare.com','(750)458-2452','374-048-3956','1680 Funk Rapids Apt. 125\nLegrosbury, WA 36020-3614','','Neque a nemo nemo et.','2016-01-17 09:31:04','2016-01-17 09:31:04'),(96,'Kylie Dickinson',1,'1978-12-27','Alexis59@Wolf.com','(924)765-7672x8075','430.559.9449x08850','229 Sanford Vista\nWest Carli, NH 30674','','Maxime doloremque qui doloremque ut.','2016-01-17 09:31:04','2016-01-17 09:31:04'),(97,'Mr. Andre Adams',2,'2012-10-27','Rusty.Hodkiewicz@hotmail.com','1-452-877-0533','1-031-370-6317','8954 Boyle Square Apt. 493\nBeerport, NV 01260','','Deserunt labore eos sequi optio.','2016-01-17 09:31:04','2016-01-17 09:31:04'),(98,'Mr. Claude Adams',1,'1991-01-23','Jerrod.Macejkovic@Wiegand.biz','469-733-7956x4844','569-808-3461','9694 Isobel Forest\nEast Vincenza, NJ 11723','','Sint sequi qui id odio accusantium et.','2016-01-17 09:31:04','2016-01-17 09:31:04'),(99,'Oran Medhurst MD',2,'1978-07-18','rMoen@Kulas.com','1-453-220-6828x9063','1-217-619-3590x17360','4953 Gerlach Coves Suite 818\nNorth Donnellport, LA 97461','','Possimus id nesciunt quo reprehenderit.','2016-01-17 09:31:04','2016-01-17 09:31:04'),(100,'Trystan Lynch',2,'1975-03-08','bHessel@gmail.com','07466233794','(031)386-5831x136','1352 Corkery Squares\nDejahburgh, ME 56418','','Cum qui commodi exercitationem.','2016-01-17 09:31:04','2016-01-17 09:31:04'),(101,'Jaleel Zboncak DDS',2,'1971-03-27','Nicolas.Myrtle@yahoo.com','(062)552-7976','03258506128','00898 Wellington Glen\nKeatonberg, OR 55829','','Maxime sint eum earum officia sed.','2016-01-17 09:31:04','2016-01-17 09:31:04'),(102,'Jade Vandervort',1,'1990-11-12','lHagenes@Morar.biz','1-113-102-4692','1-394-040-0884','2455 Stephan View\nBaileyborough, NC 64723-0095','','Et facilis molestias voluptas repudiandae.','2016-01-17 09:31:04','2016-01-17 09:31:04'),(103,'Domenica Schimmel',1,'1999-10-11','eCorwin@gmail.com','428-785-1145','959-011-6467x2884','51044 Parisian Tunnel\nEast Elian, NM 17203-7655','','Sed similique dolore optio vitae sit a est sit.','2016-01-17 09:31:04','2016-01-17 09:31:04'),(104,'Idella Botsford',2,'2000-02-03','Carleton24@McClure.info','993.324.1269x3393','+56(7)1464943207','9395 Agustina Cape Suite 601\nGustbury, ME 17822','','Et quia quia labore.','2016-01-17 09:31:04','2016-01-17 09:31:04'),(105,'Alejandrin Carroll',1,'1981-08-02','Skylar.Leffler@gmail.com','141.186.0254x5898','1-877-869-1384x6486','59655 Corwin Shoal\nEast Ignatius, IL 19916','','Et qui veritatis quae aspernatur quas.','2016-01-17 09:31:04','2016-01-17 09:31:04'),(106,'Miss Althea Turcotte',2,'1973-05-13','Joey.Ferry@Mann.org','(787)112-2213','1-726-757-8296x0590','11242 Moore Loop Suite 392\nPort Eino, OH 47355','','Nemo dolores voluptatem quis enim saepe amet natus nihil.','2016-01-17 09:31:04','2016-01-17 09:31:04'),(107,'Audie Zulauf',1,'1972-01-03','hHermann@yahoo.com','202.029.1935x42006','(154)942-0462x314','8726 Murazik Creek\nCroninbury, SD 42553-8243','','Et repellat dolore omnis nostrum maiores qui consequatur nam.','2016-01-17 09:31:04','2016-01-17 09:31:04'),(108,'Cortez Sporer',1,'1978-02-13','Wava18@yahoo.com','1-551-397-9331x156','(396)897-7171','6243 Myrtis Bridge\nEast Griffin, WA 97837','','Sunt aut voluptates voluptatem nisi repellat.','2016-01-17 09:31:04','2016-01-17 09:31:04'),(109,'Mrs. Sandrine Cassin',2,'2001-04-10','jBuckridge@gmail.com','711.330.9012x341','1-132-806-5386','1297 Trantow Cliffs Suite 169\nNataliaburgh, MS 08802-4664','','Ea incidunt numquam autem repellendus aliquam qui.','2016-01-17 09:31:04','2016-01-17 09:31:04'),(110,'Nestor Hirthe PhD',2,'2015-05-14','zMiller@Marquardt.com','101.063.9493','396-313-3714x899','512 Parker Spurs\nNew Colten, WI 95192','','Doloremque aut nobis sint.','2016-01-17 09:31:04','2016-01-17 09:31:04'),(111,'Juana Rath',1,'1984-04-11','vSchoen@gmail.com','764.634.8034x816','414-290-2950x501','7923 Regan Underpass\nPort Mertieview, RI 09826','','Itaque sit deserunt eum asperiores aliquam.','2016-01-17 09:31:04','2016-01-17 09:31:04'),(112,'Prof. Gerald Berge',1,'2000-08-31','Rolfson.Jimmy@Hilpert.com','(850)486-0884','+34(9)7221238676','63124 Schuppe Stravenue\nWest Durwardland, ND 03871','','Quia ut reiciendis nihil est dolor rerum corporis quos.','2016-01-17 09:31:04','2016-01-17 09:31:04'),(113,'Lea Mohr',2,'1986-09-04','Ena03@yahoo.com','(218)500-3372x615','1-519-280-7491x0358','32332 Lemuel Unions\nGloriaborough, MI 17435','','Maxime itaque dolor quas voluptates.','2016-01-17 09:31:04','2016-01-17 09:31:04'),(114,'Creola Lynch DDS',1,'2016-01-09','Gino86@hotmail.com','+80(0)9846315274','(351)285-9728','47676 Durward Manor Apt. 877\nLake Darbychester, IL 00865-0604','','Ipsum aut qui earum est et.','2016-01-17 09:31:04','2016-01-17 09:31:04'),(115,'Mrs. Glenda Gaylord',2,'2011-04-11','Miller.Marianna@Von.com','(667)364-0932x228','02298290094','575 Maximus Plaza\nSophiechester, DE 90321','','Voluptas asperiores saepe repudiandae et qui non aut quis.','2016-01-17 09:31:04','2016-01-17 09:31:04'),(116,'Demetris Metz',2,'1991-11-22','Bernie.Effertz@yahoo.com','(359)417-9316x1032','1-501-694-1035','555 Reanna Orchard\nGrimesshire, GA 69549-4664','','Est saepe sed recusandae voluptatem incidunt.','2016-01-17 09:31:04','2016-01-17 09:31:04'),(117,'Celestine Boyer',2,'1995-10-20','Colby31@hotmail.com','(276)163-6123x1743','264-970-3132x5248','3235 Smitham Rapids Suite 625\nNew Haroldberg, MS 50373','','Necessitatibus hic ducimus dolor rerum aut.','2016-01-17 09:31:04','2016-01-17 09:31:04'),(118,'Dewayne Beier',2,'1999-02-15','Kemmer.Victor@Dare.com','1-484-479-5300','468.380.0311x207','6461 Mae Views\nNorth Bailee, ME 19204','','Magnam necessitatibus architecto accusamus est iste.','2016-01-17 09:31:04','2016-01-17 09:31:04'),(119,'Jolie Schimmel',2,'2003-09-06','Fausto86@Kirlin.com','(911)175-2197','936-673-7110x873','152 Gottlieb Court Suite 734\nSouth Aubrey, MD 11307-8502','','Est tenetur a aut repellat dolores autem quia.','2016-01-17 09:31:04','2016-01-17 09:31:04'),(120,'Merlin Nicolas',2,'1995-05-12','Hansen.Lilly@yahoo.com','+99(5)0879571710','261-511-5532x971','023 Lynch Manors Suite 816\nWest Mafaldamouth, IN 39543','','Et totam sint accusamus ex quisquam consequatur voluptas.','2016-01-17 09:31:04','2016-01-17 09:31:04'),(121,'Keeley Muller DDS',2,'1987-06-17','Altenwerth.Angie@yahoo.com','212.161.8690x6015','607.636.9721x817','99185 Witting Points Suite 865\nLittleport, ID 00942-5205','','Assumenda aliquam illo quod quis dolores possimus expedita.','2016-01-17 09:31:04','2016-01-17 09:31:04'),(122,'Mrs. Margarete Fritsch',2,'2008-12-17','Giles04@gmail.com','532.254.5183x23968','04034002612','2981 Chloe Plaza\nOberbrunnerfurt, PA 73191-1331','','Impedit aut temporibus quaerat officiis possimus.','2016-01-17 09:31:04','2016-01-17 09:31:04'),(123,'Jade Grimes DVM',1,'1975-11-13','Moen.Kenyon@Bauch.com','260-942-3262x28311','521.791.0120x6269','3246 Devyn Islands\nGulgowskimouth, NH 84490-5842','','Omnis accusantium et cumque nihil eius facilis.','2016-01-17 09:31:04','2016-01-17 09:31:04'),(124,'Orlando Altenwerth',2,'1971-11-06','Kuhic.Freida@Marvin.com','(887)767-0404x3401','376.172.6430x2136','63903 Max Cove Suite 860\nLake Katelin, NE 48583','','Sit vero rerum vero corporis est.','2016-01-17 09:31:04','2016-01-17 09:31:04'),(125,'Mr. Maxwell Anderson',2,'1999-09-25','Sophie.Kshlerin@Cartwright.com','163-884-9271x2019','408.527.5903','782 Damion Expressway Apt. 098\nAbagailtown, CT 47841-9386','','Error et et consequuntur ut molestias adipisci porro.','2016-01-17 09:31:04','2016-01-17 09:31:04'),(126,'Ms. Justina Konopelski',1,'2000-03-15','Lorena.Bartell@Nader.com','490.075.3581','1-462-549-4592','3946 Willow Prairie Suite 018\nAdahaven, MS 88634','','Delectus tenetur quis deserunt pariatur labore explicabo quo.','2016-01-17 09:31:04','2016-01-17 09:31:04'),(127,'Prof. Jamil Corwin Sr.',1,'2005-11-22','Mabel87@hotmail.com','497.729.4264','(024)797-4580','82624 Elfrieda Burg\nSouth Jacklynfurt, KS 72120-3753','','Voluptatem mollitia quod recusandae in ipsum.','2016-01-17 09:31:04','2016-01-17 09:31:04'),(128,'Anna Olson',2,'1989-09-05','Angelica.Boehm@hotmail.com','906.271.0250x9211','908-718-4771x0640','237 Boyle Camp Apt. 818\nChaunceychester, IL 48232','','Eum nisi numquam enim natus nulla corrupti cupiditate.','2016-01-17 09:31:04','2016-01-17 09:31:04'),(129,'Prof. Jaren Will',1,'1970-04-01','Kuhlman.Shanny@hotmail.com','(678)374-9214x428','1-602-171-4916x88095','0801 Dwight Pines\nWest Annabelle, ME 63363','','Perspiciatis minima omnis quo aut molestias autem.','2016-01-17 09:31:04','2016-01-17 09:31:04'),(130,'Marjorie Wyman',2,'2010-09-11','uHand@Marquardt.com','867.167.8809x371','356.893.2359x688','581 Farrell Track Suite 939\nSouth Norberto, DC 43132','','Et voluptas omnis eum eligendi magnam delectus aut illum.','2016-01-17 09:31:04','2016-01-17 09:31:04'),(131,'Estella Windler V',1,'1995-08-19','Nat25@Abshire.org','(507)706-0203','(086)101-5724x3477','01398 Kunze Manors Suite 439\nEast Petraborough, VT 42612','','Esse est velit aspernatur hic totam distinctio rem.','2016-01-17 09:31:04','2016-01-17 09:31:04'),(132,'Kimberly Oberbrunner',1,'1993-09-24','Schmeler.Rosa@gmail.com','006.075.1059x7092','658-444-9143x88525','59428 Kilback Plains Apt. 003\nNorth Marleyburgh, NM 48979-4732','','Sed deserunt repudiandae et ratione veritatis non accusamus.','2016-01-17 09:31:05','2016-01-17 09:31:05'),(133,'Annabelle Rice',2,'2009-02-17','Alice.Gusikowski@Greenfelder.com','02080699326','588.824.7943x79260','2231 Dasia Mission Apt. 303\nGradyville, MO 88936','','Molestias distinctio illum quia necessitatibus eaque quia error voluptatem.','2016-01-17 09:31:05','2016-01-17 09:31:05'),(134,'Prof. Noemi Gutmann V',1,'2006-11-26','Lenny37@Mitchell.org','+23(6)6543784848','283.770.4529x43418','1063 Dooley Garden Apt. 820\nEstellemouth, MT 64722-9375','','Minus veniam maiores voluptatum fugiat.','2016-01-17 09:31:05','2016-01-17 09:31:05'),(135,'Shania Bradtke',1,'1977-06-06','Walker.Fredrick@gmail.com','(923)912-4809x0285','+65(1)3444619790','98922 Pasquale Branch\nWest Kaylie, NM 31436-9621','','Rerum nobis enim alias aut.','2016-01-17 09:31:05','2016-01-17 09:31:05'),(136,'Leatha Kassulke III',1,'1973-12-04','rAnkunding@gmail.com','08774115490','04211003711','43789 Sierra Heights Apt. 246\nMillston, GA 02337-4296','','Dignissimos itaque non libero quidem.','2016-01-17 09:31:05','2016-01-17 09:31:05'),(137,'Brenda Kohler',2,'1991-08-26','Nelson85@gmail.com','922-995-4405','(304)614-1062x81688','6401 Gerlach Mount\nNew Daniela, OK 47445-5068','','Sunt suscipit placeat repudiandae.','2016-01-17 09:31:05','2016-01-17 09:31:05'),(138,'Prof. Brisa Dibbert III',1,'1996-01-14','Effertz.Anissa@hotmail.com','764-643-3488','466.075.6815','370 Edwina Square Apt. 106\nGoodwinfurt, NH 61486-9957','','Eius fugiat molestiae dolorum qui cum.','2016-01-17 09:31:05','2016-01-17 09:31:05'),(139,'Garland Collier',1,'1997-03-14','Louisa.Kirlin@yahoo.com','1-206-231-9543x57466','(205)155-5470x93911','8144 Armstrong Port\nLacyfurt, OR 73845','','Incidunt quasi sint ut iusto non.','2016-01-17 09:31:05','2016-01-17 09:31:05'),(140,'Tommie Conroy PhD',2,'2012-10-08','jLind@Heaney.com','416-755-4205','1-746-123-7327x0769','95055 Boyle Path\nNew Marlee, MI 21201','','Placeat dolores maiores ut tempora sequi sed.','2016-01-17 09:31:05','2016-01-17 09:31:05'),(141,'Gus D\'Amore',1,'1998-03-22','Russell13@yahoo.com','184.567.7189','+62(6)5973005886','2108 Monahan Hills Apt. 957\nDasiabury, MO 68383','','Tempore doloremque nemo quam quasi.','2016-01-17 09:31:05','2016-01-17 09:31:05'),(142,'Jonas Abernathy III',1,'2001-11-06','Bechtelar.Lucious@Cormier.com','287-026-0608x23172','1-346-941-1220','571 Bashirian Knoll Suite 467\nJessycaside, DC 88496-7139','','Ea consequatur suscipit laborum at.','2016-01-17 09:31:05','2016-01-17 09:31:05'),(143,'Miss Lacy West PhD',1,'1984-07-19','gPurdy@yahoo.com','1-112-584-7849','867.837.1395','1232 Schroeder Mount Suite 666\nKeyonville, MD 90489-2731','','Doloremque similique aut culpa fuga.','2016-01-17 09:31:05','2016-01-17 09:31:05'),(144,'George Langworth',2,'1974-02-20','Kolby09@hotmail.com','(646)503-6354x350','885.927.0755x9995','697 Myra Cliff Suite 229\nNew Palma, AZ 89350','','Dolor nam necessitatibus vel.','2016-01-17 09:31:05','2016-01-17 09:31:05'),(145,'Ms. Novella Frami',2,'1973-07-30','McDermott.Ernest@gmail.com','(982)161-7125x077','(856)159-9358x805','8662 Lynch Fork Apt. 638\nNew Sylvan, DE 88893-8196','','Vel nihil iusto et sit in.','2016-01-17 09:31:05','2016-01-17 09:31:05'),(146,'Dr. Ellis Rodriguez II',1,'1985-09-24','Cormier.Flavio@yahoo.com','004-431-0959','1-877-760-6177','34209 Zemlak Rapid Apt. 129\nLake Alfredashire, IN 39858-0702','','Voluptatem quae commodi quaerat est.','2016-01-17 09:31:05','2016-01-17 09:31:05'),(147,'Dr. Clementine Koepp',2,'2001-07-10','Sanford26@Walsh.com','(970)015-8008','402.101.2951','81277 Murphy Courts Suite 094\nFerryburgh, DC 72727-7036','','Rem distinctio eos ducimus dolores corrupti.','2016-01-17 09:31:05','2016-01-17 09:31:05'),(148,'Dariana Mertz',2,'1982-11-07','Kathryne.Hoeger@hotmail.com','374.795.5511x07715','(470)821-2365','103 Chase Ranch Apt. 037\nNew Hilmafurt, HI 08387','','Numquam et a non id libero nisi quibusdam.','2016-01-17 09:31:05','2016-01-17 09:31:05'),(149,'Prof. Regan Beier I',2,'1975-04-18','Rachael.Stroman@Nienow.org','108.163.1762x5290','1-906-428-8467','254 Bartoletti Port Apt. 509\nSouth Mertie, WY 10345-0666','','Quasi alias qui et ducimus aut fuga.','2016-01-17 09:31:05','2016-01-17 09:31:05'),(150,'Laverne Kuhn',1,'1985-09-18','Alia.Pouros@gmail.com','1-852-007-7543','1-177-687-8431x683','8717 Dakota Point Suite 198\nLake Noeburgh, CA 90670-7128','','Quam quaerat ullam et.','2016-01-17 09:31:05','2016-01-17 09:31:05'),(151,'Piper Mueller',2,'1973-04-19','Roosevelt29@yahoo.com','(643)281-8233x4727','+67(2)1008971850','42190 Aliya Ramp Suite 876\nMurphymouth, SD 73350','','Sint sunt nobis facilis beatae sunt.','2016-01-17 09:31:05','2016-01-17 09:31:05'),(152,'Blair Robel',1,'1988-03-08','fLedner@Bechtelar.com','632-334-4413','645.620.6985x53065','8813 Hadley Spurs\nBrooksmouth, FL 06455-4039','','Cupiditate in doloribus ut sit.','2016-01-17 09:31:05','2016-01-17 09:31:05'),(153,'Margret O\'Conner V',2,'2009-06-24','Jennifer.Herman@hotmail.com','+62(2)3310368015','(176)535-7557','61997 Gia Ridges Apt. 634\nSouth Johnathonchester, CO 82472','','Sed consequatur asperiores omnis.','2016-01-17 09:31:05','2016-01-17 09:31:05'),(154,'Penelope Smith',1,'2011-06-28','Terry.White@Marks.com','1-989-099-7759x896','1-112-787-4363x1931','832 Brown Views Suite 303\nAndersonburgh, WA 01688','','Aut laborum ut magni culpa dicta dolor alias.','2016-01-17 09:31:05','2016-01-17 09:31:05'),(155,'Missouri Sporer',1,'2000-07-16','Sarai83@yahoo.com','574.228.9211x73626','1-037-118-3469x634','5114 Arvid Stream Apt. 861\nAgnesmouth, NC 28384','','Nesciunt omnis veritatis maiores aliquam laborum aut dolorem.','2016-01-17 09:31:05','2016-01-17 09:31:05'),(156,'Mr. Charley Wunsch PhD',2,'1978-08-01','Leila76@hotmail.com','02702825173','+63(5)3474059980','106 Ole Landing Apt. 407\nHilperttown, WY 29267','','Repellat quis fugit praesentium quia.','2016-01-17 09:31:05','2016-01-17 09:31:05'),(157,'Eliane Kassulke',1,'1999-09-16','Hand.Kaitlin@Langworth.com','07930781206','08784989446','815 Hilda Ridges\nNew Marjoriefort, CA 38067','','Et ea voluptatem sapiente sed quasi.','2016-01-17 09:31:05','2016-01-17 09:31:05'),(158,'Prof. Beryl Denesik',2,'1994-09-20','Irving.Fritsch@yahoo.com','659.124.8611x17037','1-116-757-0546','759 Heidenreich Mountains\nSouth Kaleigh, RI 72155-9327','','Aut magnam possimus omnis natus adipisci ipsa.','2016-01-17 09:31:05','2016-01-17 09:31:05'),(159,'Miss Nikita Schinner DVM',1,'2001-06-01','hOKeefe@gmail.com','578-051-6414x38841','015.687.1546x57360','981 Ferry Forges Apt. 803\nEast Ashtynland, HI 77897-5285','','Mollitia non excepturi qui dolorem harum ullam.','2016-01-17 09:31:05','2016-01-17 09:31:05'),(160,'Ms. Eve Adams',2,'2008-02-05','Willms.Lauretta@yahoo.com','(536)001-6826x5695','+23(9)1337638462','01947 Goldner Springs\nNorth Santa, IL 86848','','Nulla error similique officia molestiae sint amet illo.','2016-01-17 09:31:05','2016-01-17 09:31:05'),(161,'Ms. Kelsie Hoppe DVM',2,'1991-05-18','Avery64@yahoo.com','(970)072-7878x72152','1-670-197-0870','107 Ansley Islands\nNew Tevinbury, NH 62991','','Dolor explicabo reiciendis sit rerum quia.','2016-01-17 09:31:05','2016-01-17 09:31:05'),(162,'Prof. Carolyn Schroeder',1,'1977-06-08','dCasper@yahoo.com','(002)446-4947x73238','1-332-223-7864','76261 Kulas Trail\nDexterside, WI 21733','','Recusandae odit non quas cumque qui aut.','2016-01-17 09:31:05','2016-01-17 09:31:05'),(163,'Miss Kyra Monahan I',2,'2014-02-14','Darian.Hoeger@Upton.biz','820.464.5635','(465)163-8069x962','2711 Dejuan Court Apt. 642\nAnahistad, IN 83951-5206','','Incidunt et consectetur dolore velit nihil accusamus in.','2016-01-17 09:31:05','2016-01-17 09:31:05'),(164,'Delta Greenholt',2,'2011-10-15','Marjory.Leffler@hotmail.com','1-442-912-7671','+77(6)3705085497','54898 Marianne Plains\nWest Gennaro, FL 00697','','Voluptatem ea enim error dolore.','2016-01-17 09:31:05','2016-01-17 09:31:05'),(165,'Prof. Jerald Crist III',2,'2000-11-07','Murray.Evelyn@gmail.com','303-921-3343','+90(4)9840238948','75798 Moore Camp Apt. 746\nPort Erna, OR 62613','','Eos hic sapiente ea rerum ut dicta aspernatur.','2016-01-17 09:31:05','2016-01-17 09:31:05'),(166,'Hailey Jones II',2,'2014-01-07','Block.Marlon@gmail.com','(854)333-6879x61286','(274)955-7272x9163','0259 Cremin Orchard Apt. 027\nEast Eusebioville, AR 03072-8071','','Soluta laboriosam omnis sint voluptatum dolore.','2016-01-17 09:31:05','2016-01-17 09:31:05'),(167,'Kitty Block',2,'2014-08-04','Chet.Crooks@gmail.com','1-558-004-4167x719','907-714-9259x620','723 Kozey Overpass Apt. 043\nRomainestad, DC 71008-2188','','Velit tenetur et voluptatem ut non cupiditate.','2016-01-17 09:31:05','2016-01-17 09:31:05'),(168,'Koby Wuckert',1,'1997-01-27','Deja28@OReilly.net','(320)866-3475','234-927-3805','7232 Bechtelar Lights\nMedhurstport, ME 45671-7338','','Autem voluptatem beatae eum.','2016-01-17 09:31:05','2016-01-17 09:31:05'),(169,'Mr. Danny McCullough',1,'1996-12-16','Shawna12@yahoo.com','(040)632-3231x634','1-769-030-8298x71172','775 Edison Knoll Suite 313\nShanahanland, OK 65681','','Voluptate similique cumque unde ad dolor consequatur fuga.','2016-01-17 09:31:05','2016-01-17 09:31:05'),(170,'Prof. Clinton Mann V',1,'1991-11-06','Archibald58@gmail.com','(221)950-1841x79761','345-999-7194x74457','4887 Alan Rapid\nLake Noe, NV 31345-0934','','Sit error rerum optio.','2016-01-17 09:31:05','2016-01-17 09:31:05'),(171,'Mr. Nicola Hagenes III',2,'1997-02-21','aStoltenberg@yahoo.com','196-373-7783x13273','608.571.8338x14849','128 Prince Island Apt. 962\nJeanettehaven, PA 43875-7538','','Mollitia provident officiis qui explicabo.','2016-01-17 09:31:05','2016-01-17 09:31:05'),(172,'Jacquelyn Jacobs',2,'1974-01-17','mConn@hotmail.com','383.687.8557x3171','1-034-150-5768x3961','52542 Turner Landing Suite 394\nKipland, DC 16386-9568','','Laudantium aut non alias sit unde libero ipsum ea.','2016-01-17 09:31:05','2016-01-17 09:31:05'),(173,'Keira Cartwright',2,'1976-04-14','Jamison.Homenick@Labadie.com','402-991-0482x1407','188.393.3204x11487','16152 Merlin Radial Suite 991\nGradyfort, KY 15976','','Aut quos cum rem voluptatem natus soluta omnis sunt.','2016-01-17 09:31:05','2016-01-17 09:31:05'),(174,'Ila Muller',2,'2006-07-16','Schuppe.Reymundo@Kshlerin.com','1-118-507-0439x6108','002.966.6670','2351 Olen Overpass Suite 867\nEast Adelineland, KS 93623','','Dignissimos sed dicta rerum porro.','2016-01-17 09:31:05','2016-01-17 09:31:05'),(175,'Edyth Kovacek',2,'1978-09-20','Ayden01@yahoo.com','722-255-6776x536','1-182-912-7979x5080','59181 Reichert Overpass Suite 844\nTremainehaven, KY 49334-4834','','Dolores eligendi ipsam officia enim ipsa.','2016-01-17 09:31:05','2016-01-17 09:31:05'),(176,'Deshaun Herman',2,'1994-07-09','McGlynn.Roel@Rosenbaum.com','(204)747-3240x893','1-424-538-2279x259','2060 Adaline Mountains\nSouth Cathryn, AL 27791','','Aut quia quo et provident ex soluta veritatis ut.','2016-01-17 09:31:05','2016-01-17 09:31:05'),(177,'Dion O\'Keefe',1,'2013-02-24','Aylin.Witting@Stiedemann.com','+26(3)4184171951','(805)143-5366','53928 Emmet Road Apt. 926\nTimmyland, OH 10581-8862','','Qui explicabo culpa neque fuga.','2016-01-17 09:31:05','2016-01-17 09:31:05'),(178,'Georgiana Roob',1,'1981-04-15','uBauch@gmail.com','02044225394','1-810-768-5779x75077','32169 Stoltenberg Junctions\nElyssaburgh, SD 26792','','Quia error molestias aut mollitia omnis repudiandae.','2016-01-17 09:31:05','2016-01-17 09:31:05'),(179,'Dr. Layne Champlin MD',1,'1978-12-17','uKiehn@Kerluke.biz','621-762-7348x639','04753457277','95786 Lenore Plains Apt. 801\nNorth Shayne, MA 10340-1774','','Quia eum sunt dolor reprehenderit.','2016-01-17 09:31:05','2016-01-17 09:31:05'),(180,'Mike Goodwin I',1,'2005-03-26','Terry.Lucie@gmail.com','1-000-822-7985x2772','1-425-544-3014','66914 Cedrick Row\nSouth Henryberg, MO 17500-7849','','Sequi omnis et quas quia enim velit.','2016-01-17 09:31:05','2016-01-17 09:31:05'),(181,'Robb Hamill',2,'1972-04-25','sCarroll@Erdman.net','1-037-760-1186x2459','(812)999-3361x90756','8321 Collier Mountain Suite 475\nGerlachtown, OR 04662-9483','','Velit nemo adipisci aspernatur expedita ratione similique.','2016-01-17 09:31:05','2016-01-17 09:31:05'),(182,'Mr. Javier Stamm Sr.',2,'1975-09-10','Paul19@Kub.info','(144)537-4859','031-079-2930x2983','20704 Willie Alley Suite 317\nSchultzmouth, NH 16817','','Minima sit adipisci eos.','2016-01-17 09:31:05','2016-01-17 09:31:05'),(183,'Emma Kunde',2,'2013-06-03','Reichel.Gordon@hotmail.com','(576)721-1177x481','1-739-779-9112x3560','4099 Sabrina Port Apt. 747\nWest Dax, NH 15274','','In dolores et adipisci qui quam sunt.','2016-01-17 09:31:05','2016-01-17 09:31:05'),(184,'Jacky Flatley',1,'1970-08-10','Colin.Feil@Cole.com','06134602407','(235)595-8799x900','0198 Cassin Expressway Apt. 682\nYundtberg, OH 56207-8956','','Ipsam repellendus odit ullam amet nostrum molestiae.','2016-01-17 09:31:05','2016-01-17 09:31:05'),(185,'Roslyn Balistreri',1,'2010-04-28','Keagan15@Grady.net','(771)266-9009','1-486-367-2565','10526 Effertz Springs\nEast Kaileeshire, ID 06912-9117','','Quis pariatur consequatur aut quia laborum corporis est.','2016-01-17 09:31:05','2016-01-17 09:31:05'),(186,'Alexys Spencer',1,'1991-05-29','xMarvin@gmail.com','1-543-523-2384','1-891-677-6774','99111 Nicole Locks Apt. 600\nEast Billy, AZ 53091','','Suscipit non ad sed quidem ad quod.','2016-01-17 09:31:05','2016-01-17 09:31:05'),(187,'Verla Ryan',1,'2002-08-06','Jarred50@yahoo.com','465.974.4695x864','262.513.9634','899 Demetrius Crossing Apt. 793\nSouth Ciarafurt, OR 73621-9327','','Pariatur incidunt dolores sint.','2016-01-17 09:31:05','2016-01-17 09:31:05'),(188,'Zelda Bauch',1,'1979-02-13','Leta26@Davis.com','(348)215-0907','307-909-9476','77962 Xander Causeway Apt. 166\nPort Filomena, OH 05274','','Rerum aut ipsum est iusto dolore voluptate.','2016-01-17 09:31:05','2016-01-17 09:31:05'),(189,'Arlie Williamson',2,'1976-08-12','Peyton.Ziemann@gmail.com','348-034-9104','786-457-8638','32632 Wehner Springs Apt. 880\nPort Jeanette, PA 65051','','Voluptatem eum dolorum est voluptatibus.','2016-01-17 09:31:05','2016-01-17 09:31:05'),(190,'Frederik Shanahan',2,'1973-07-04','Glenna73@Kemmer.com','1-624-133-0071x111','(600)347-7822','228 Adams Ways\nSouth Zachery, NY 97170-2820','','Possimus modi itaque sit sequi optio et a.','2016-01-17 09:31:05','2016-01-17 09:31:05'),(191,'Dr. Novella Harris',1,'1980-05-08','Howell.Gulgowski@Marks.com','+61(4)0611132701','1-431-251-9279x558','342 Ewell Walk\nSchulistborough, CT 60860-8796','','Harum cum corporis sed nihil.','2016-01-17 09:31:05','2016-01-17 09:31:05'),(192,'Mckayla Considine',1,'1997-07-16','Dortha37@hotmail.com','1-924-274-1255x35253','1-320-843-6191','60033 Lueilwitz Flat Suite 602\nNorth Braxton, MD 41484','','Ipsam dolor voluptatibus molestiae.','2016-01-17 09:31:05','2016-01-17 09:31:05'),(193,'Hassie Boyer',2,'1972-11-14','Brayan41@Stroman.com','1-602-537-6159x9167','(485)800-8444','38179 Edna Extension\nFabiolaton, UT 15866-2103','','Unde iusto officiis quaerat aut dignissimos explicabo eveniet aliquam.','2016-01-17 09:31:05','2016-01-17 09:31:05'),(194,'Gennaro Runolfsdottir PhD',2,'1977-11-06','zMraz@McDermott.com','821.329.5465','(856)800-9660x43424','56725 Gleason Ports\nErnserbury, NC 17340','','Atque illo numquam dolor et animi.','2016-01-17 09:31:05','2016-01-17 09:31:05'),(195,'Mr. Demarcus Bashirian PhD',2,'2001-09-09','Hettinger.Green@gmail.com','+91(0)8464777841','(678)650-1269x80706','3070 Hickle Road\nEast Brookside, SC 59051','','Voluptatem voluptas occaecati quia nihil occaecati.','2016-01-17 09:31:05','2016-01-17 09:31:05'),(196,'Jaleel Batz',2,'2001-11-08','Kunde.Elvis@Herzog.com','1-190-527-1636','875-848-2890','9109 Altenwerth Cape Apt. 230\nPort Paris, SD 13916-3614','','Perferendis porro mollitia atque adipisci.','2016-01-17 09:31:05','2016-01-17 09:31:05'),(197,'Mr. Kay Schneider DDS',1,'1998-12-21','Glenda.Gerhold@Windler.com','(845)545-3268x557','1-544-149-0879','8170 Welch Tunnel Suite 443\nNew Billton, OR 59925-9287','','Omnis autem sit iusto magni dolorum.','2016-01-17 09:31:05','2016-01-17 09:31:05'),(198,'Dr. Vernon Deckow III',2,'1972-05-12','Allie81@hotmail.com','328.647.4063x2791','115.415.5503','46478 Barry Park Suite 040\nAugustinefort, NE 51509','','In laboriosam illo sed et ipsam earum.','2016-01-17 09:31:05','2016-01-17 09:31:05'),(199,'Linnie Oberbrunner',2,'2000-09-25','rOndricka@Macejkovic.com','(790)263-0664','167-539-0392x447','95538 Heidenreich Mountain\nSofiaport, CT 15933-8636','','Atque recusandae quia minus quas possimus totam quam.','2016-01-17 09:31:05','2016-01-17 09:31:05'),(200,'Lisa Marks Sr.',1,'1996-06-28','oWatsica@hotmail.com','(040)956-4828x429','301-308-8252x7939','65646 Coty Drives\nZiemannberg, AR 18187-5304','','Error quis voluptatem dolor sed.','2016-01-17 09:31:05','2016-01-17 09:31:05'),(201,'Pedro Mayer',2,'2014-08-16','Lorna86@hotmail.com','623.886.9023x795','086.895.9842','4763 Darrel Mount Apt. 415\nBauchton, MO 59216','','Omnis praesentium sint cumque modi velit consequatur.','2016-01-17 09:31:05','2016-01-17 09:31:05'),(202,'Viva Dibbert',1,'1975-08-09','xWalsh@Reinger.net','+11(3)5832213746','997-295-9093x8525','2813 Austin Inlet\nWest Flavio, ID 30112','','Ducimus sint sunt asperiores ut eligendi sit ducimus.','2016-01-17 09:31:05','2016-01-17 09:31:05'),(203,'Kody Labadie',2,'2003-03-10','Elmira98@hotmail.com','841.873.0688x17895','313.078.8494x674','918 Aimee Loop Apt. 381\nSmithamfort, CT 16952','','Atque dolorum laudantium exercitationem recusandae est.','2016-01-17 09:31:05','2016-01-17 09:31:05'),(204,'Mr. Curt Hudson Jr.',2,'1991-10-15','Okey45@gmail.com','876-488-9663x4384','1-756-421-6613x41524','2344 Bernier Loop Apt. 378\nLake Pearlburgh, CA 79491-5263','','Minus mollitia vero non expedita qui.','2016-01-17 09:31:05','2016-01-17 09:31:05'),(205,'Dejuan Connelly',1,'1992-12-16','Roscoe09@gmail.com','+07(7)8549301662','620-314-9796x674','15841 Olson Key Apt. 279\nJacobsonton, CA 75939','','Rerum accusamus placeat enim.','2016-01-17 09:31:05','2016-01-17 09:31:05'),(206,'Meaghan Hudson III',1,'1981-06-28','Dagmar20@hotmail.com','603.479.6342x549','09331657466','663 Will Estate\nSouth Johannmouth, WV 73480-8609','','Aperiam adipisci accusantium est odio neque eum.','2016-01-17 09:31:05','2016-01-17 09:31:05'),(207,'Nelson Wolff',1,'2013-07-26','Stephany26@Harris.com','+22(7)3958910702','(055)975-0011x1835','078 Wallace Springs Apt. 577\nNew Amberhaven, LA 63920','','Voluptatem odit enim voluptas facilis.','2016-01-17 09:31:05','2016-01-17 09:31:05'),(208,'Rhea D\'Amore',1,'1996-12-28','Berniece.Crist@Emard.org','(126)448-4547','1-534-236-4424x1249','0536 Katelin Locks Suite 203\nAmyport, NJ 82491','','Itaque possimus illo dignissimos qui et doloribus.','2016-01-17 09:31:05','2016-01-17 09:31:05'),(209,'Caitlyn Kiehn',2,'1977-05-14','Mathew.Bahringer@Corwin.info','(677)170-3816','(035)637-8228x15977','157 Zetta Point\nWest Sven, UT 77612-3323','','Minus sapiente excepturi dolores et quod non tempora.','2016-01-17 09:31:05','2016-01-17 09:31:05'),(210,'Kavon Abshire',1,'1992-01-15','cMertz@hotmail.com','316.687.4980x5431','07774308235','2208 Murazik Junction\nLeannonstad, AR 34001','','Voluptas id et nemo similique.','2016-01-17 09:31:05','2016-01-17 09:31:05'),(211,'Prof. Hiram Cruickshank III',2,'1981-08-01','Letha.Witting@Klocko.info','355.584.8639x00823','(789)752-8687x435','9368 Blanda Crest Apt. 933\nMillstown, NM 41018','','Laboriosam consequatur perferendis numquam ipsam ipsam doloribus aut.','2016-01-17 09:31:05','2016-01-17 09:31:05'),(212,'Beryl Gleason I',2,'1993-12-03','Rodrick.Dickinson@yahoo.com','1-779-948-3202','1-763-445-2337x5309','997 Icie Manors Apt. 989\nLake Veronaberg, MS 30072','','Voluptatem dolorum sed voluptatem autem.','2016-01-17 09:31:05','2016-01-17 09:31:05'),(213,'Clare Williamson II',2,'1990-01-10','Baumbach.Reba@gmail.com','(654)768-4188x59060','391.410.7488x001','0862 Gusikowski Shore Apt. 068\nAufderharville, NM 83687','','Aperiam voluptates pariatur aut alias.','2016-01-17 09:31:05','2016-01-17 09:31:05'),(214,'Beaulah Lynch',1,'2009-05-18','Pollich.Stefan@Swift.biz','09786531059','307-725-9109','767 Wiza Motorway Suite 163\nJesushaven, OR 35641-8182','','Rem quae dolor rerum quasi ipsam voluptatem.','2016-01-17 09:31:05','2016-01-17 09:31:05'),(215,'Frieda Collins',1,'2007-11-18','Amir.Feest@gmail.com','865-949-3499','677-981-2498','875 Bria Track\nWest Amir, RI 70399-7150','','Animi cumque aut sint veniam aut molestiae.','2016-01-17 09:31:06','2016-01-17 09:31:06'),(216,'Ezra O\'Hara',2,'1992-03-24','sLynch@Carroll.com','1-252-163-7212x442','(437)740-1101','61016 Monserrate Rue\nSelinaville, LA 16264','','Eos quam omnis rerum enim veritatis doloribus.','2016-01-17 09:31:06','2016-01-17 09:31:06'),(217,'Brionna Donnelly',1,'1972-12-21','fOKon@Predovic.com','(860)849-7460x498','1-999-021-0384','716 Considine Bridge\nBrandiport, VA 95840','','Suscipit est molestiae animi ipsam et aliquid autem.','2016-01-17 09:31:06','2016-01-17 09:31:06'),(218,'Raheem Schiller',2,'2004-09-07','sWintheiser@yahoo.com','042.388.2748x4976','(749)742-9497','391 Ernser Field\nHettingerchester, RI 39286','','Harum qui dolorem iure magnam dolorum totam.','2016-01-17 09:31:06','2016-01-17 09:31:06'),(219,'Melba Stark MD',2,'1988-10-18','Carter.Ramona@gmail.com','323.830.0548x75415','1-247-447-1057','655 Denesik Ramp\nNew Macey, DC 60794-0005','','Nam dolor amet saepe provident veniam.','2016-01-17 09:31:06','2016-01-17 09:31:06'),(220,'Laverne Senger',1,'2011-03-10','Bernhard.Arno@Corwin.info','426-392-7567','074.556.1912x4877','408 Funk Glens Suite 919\nLake Syblemouth, IL 31914-0790','','Reiciendis rem voluptatem possimus et quibusdam.','2016-01-17 09:31:06','2016-01-17 09:31:06'),(221,'Osbaldo Prosacco',2,'1971-05-01','Zoe.Adams@Dach.com','(873)921-9389x96131','1-318-139-9488x00347','341 O\'Hara Court\nKeaganfurt, VA 83366-5273','','Eos repellendus aliquid voluptatem nesciunt molestias error omnis ipsum.','2016-01-17 09:31:06','2016-01-17 09:31:06'),(222,'Prof. Giles McCullough V',2,'1988-06-05','OConner.Carmen@hotmail.com','822-993-6045x93625','(132)677-2192x4649','6054 McClure Turnpike Apt. 635\nMeghanport, MD 76621-3252','','Expedita vel quo quo blanditiis impedit ipsam.','2016-01-17 09:31:06','2016-01-17 09:31:06'),(223,'Prof. Aniyah Parisian DVM',2,'1996-05-31','Aracely85@hotmail.com','1-085-146-4743x39050','+74(5)0433923800','3920 Obie Drive\nJanellefurt, ID 68058-9002','','Natus quidem autem fugiat doloremque voluptatibus ut.','2016-01-17 09:31:06','2016-01-17 09:31:06'),(224,'Rasheed Wintheiser',1,'2011-09-24','mVandervort@Kling.com','563-264-6670x04543','(821)128-1627x78177','094 Name River\nWatsicaland, NY 90860','','Aut cupiditate sed eaque maxime praesentium.','2016-01-17 09:31:06','2016-01-17 09:31:06'),(225,'Mrs. Natasha Wolf DVM',2,'2011-06-05','Corwin.Janessa@yahoo.com','600-315-2857','1-309-932-4668','673 Hildegard Stravenue\nNew Monserratland, TN 04789-5202','','Qui harum ipsum voluptas.','2016-01-17 09:31:06','2016-01-17 09:31:06'),(226,'Miss Rosetta Effertz',2,'2004-03-31','Schowalter.Jarrod@Kunde.net','(060)708-3737x2369','140-412-0929','37517 Drew Spur Apt. 920\nEast Donavon, AR 24501-5941','','Ut ad reiciendis sit et porro.','2016-01-17 09:31:06','2016-01-17 09:31:06'),(227,'Damaris O\'Kon MD',1,'1990-05-05','Stanley.Powlowski@yahoo.com','763-995-3016','04103924801','3905 Metz Harbors Suite 773\nNew Gideon, MD 39090-9807','','Sunt architecto accusantium non aspernatur.','2016-01-17 09:31:06','2016-01-17 09:31:06'),(228,'Ressie Boyle DDS',1,'1984-08-25','Bo.Zulauf@Lemke.com','806.808.8154x1138','663-942-2818','523 Feil Garden Apt. 258\nPort Tremayne, CA 67961','','Provident placeat voluptatem omnis.','2016-01-17 09:31:06','2016-01-17 09:31:06'),(229,'Kennedi Schinner',1,'2010-12-19','tShanahan@Morissette.com','576.850.3090x432','(710)332-3770','880 Aliyah Mountains Suite 828\nNew Saulchester, MN 11509','','Praesentium sint sed fuga distinctio repudiandae excepturi nobis.','2016-01-17 09:31:06','2016-01-17 09:31:06'),(230,'Mr. Reagan Ebert',2,'2013-03-21','fKoepp@Rippin.com','(030)997-8944x236','417-951-5766x142','17763 Runte Brooks Suite 758\nNew Jodie, NY 49110','','Distinctio voluptatem laboriosam ratione.','2016-01-17 09:31:06','2016-01-17 09:31:06'),(231,'Prof. Nia Parisian',2,'2011-10-26','kBartoletti@Leannon.com','833.494.5985','403-210-4895','0963 Farrell Trafficway\nBernhardstad, TX 35622','','Consequatur rerum magnam et animi.','2016-01-17 09:31:06','2016-01-17 09:31:06'),(232,'Dr. Arnoldo Bins IV',2,'1973-05-04','rStehr@Abshire.com','157-037-2401x59789','06261730069','5545 Lavada Oval\nWest Eleanore, DC 52278','','In suscipit aut et unde consequatur ea ea placeat.','2016-01-17 09:31:06','2016-01-17 09:31:06'),(233,'Miss Alaina Schimmel DDS',1,'1983-04-13','iMurray@Windler.com','222.814.5783','099.975.0133x19350','6855 Bergstrom Stravenue\nWilmaview, WI 47498','','Fugiat et eaque consequatur facere.','2016-01-17 09:31:06','2016-01-17 09:31:06'),(234,'Josefa Kris',1,'1975-09-13','Bradtke.Loren@gmail.com','789.649.7293','(695)813-7216x163','3236 Hahn Valleys Apt. 297\nWest Nathaniel, CT 95598','','Recusandae veniam dicta saepe nisi.','2016-01-17 09:31:06','2016-01-17 09:31:06'),(235,'Prof. Xander Zboncak Jr.',1,'2015-03-31','Bessie76@Marquardt.biz','687-141-9232','657.904.3931','694 Jerry Stravenue\nPort Faustino, KY 71725-9269','','Eum et dolores unde dolorem ipsam.','2016-01-17 09:31:06','2016-01-17 09:31:06'),(236,'Aryanna Schulist DDS',1,'1998-02-05','Laurence87@hotmail.com','(596)550-8917','824-068-3679x4013','103 Lemke Summit Suite 867\nGoldnerfurt, MT 59372-4465','','Iusto sequi et exercitationem harum ut autem voluptas.','2016-01-17 09:31:06','2016-01-17 09:31:06'),(237,'Dr. Gregorio Schultz',2,'1990-12-12','Etha72@Stamm.net','359.597.2024x09596','(632)942-8838x41134','09874 Rolfson Cove\nEast Trystanmouth, MT 63156','','Sit accusamus similique quae iure sit nisi dolorum ad.','2016-01-17 09:31:06','2016-01-17 09:31:06'),(238,'Audrey Schowalter Sr.',2,'2006-04-20','Adriel.Satterfield@gmail.com','1-827-089-8841x233','(136)573-7914x93540','821 Wilkinson Circles\nSvenmouth, NV 65948-0179','','Voluptas eligendi sit accusamus eligendi minima et.','2016-01-17 09:31:06','2016-01-17 09:31:06'),(239,'Jamison Schinner',1,'1990-07-07','iConroy@gmail.com','534-335-9546x03977','1-747-288-7862x37864','8563 Hershel Grove Apt. 608\nSouth Brooksfort, KS 29303','','Aut sapiente perferendis cumque.','2016-01-17 09:31:06','2016-01-17 09:31:06'),(240,'Ms. Christa Kling',1,'1974-06-14','Ines.Streich@gmail.com','000-728-1102x4386','(982)088-3968x86930','824 Boyle Garden\nWeimannhaven, MT 81807','','Qui accusantium cum voluptas dolores.','2016-01-17 09:31:06','2016-01-17 09:31:06'),(241,'Geovanny Smith',2,'1989-07-20','jLang@gmail.com','(168)367-3270x69507','1-167-662-4977x200','7724 Cormier Locks Apt. 371\nWilkinsonborough, KS 07936-2520','','Eos ullam qui sit assumenda provident quos.','2016-01-17 09:31:06','2016-01-17 09:31:06'),(242,'Mavis Haag',2,'1977-03-12','Russel74@hotmail.com','056-243-1076x68900','(066)680-3699','34939 Bruen Rue\nNorth Tressaland, ME 08681-7049','','Molestiae provident ipsam rerum est voluptas nulla.','2016-01-17 09:31:06','2016-01-17 09:31:06'),(243,'Vicente Littel',1,'1997-04-12','gHickle@hotmail.com','(274)474-5751','08546236008','3168 Enola Turnpike\nSouth Tianaport, WV 52357','','Iure quia est deserunt magnam consequatur suscipit molestiae.','2016-01-17 09:31:06','2016-01-17 09:31:06'),(244,'Birdie Stamm',2,'1985-03-14','Dakota.Metz@gmail.com','(656)894-4133','011-621-4373x1252','716 Franecki Spring\nGracielaborough, KS 69286-3759','','Explicabo dolore officia recusandae harum ut id quo.','2016-01-17 09:31:06','2016-01-17 09:31:06'),(245,'Doug Heidenreich',1,'1982-03-01','Tremblay.Deven@gmail.com','1-151-842-9024x391','1-286-265-8445x823','994 Beatty Circle Apt. 999\nSunnyberg, NH 82723','','Laboriosam illo nobis et nesciunt illo unde ut.','2016-01-17 09:31:06','2016-01-17 09:31:06'),(246,'Conor Price II',2,'2011-10-12','Mona11@gmail.com','1-981-046-6835x8030','1-095-995-8680','9517 Crooks Club Apt. 724\nOvaborough, CA 83703','','Est nihil accusantium nulla.','2016-01-17 09:31:06','2016-01-17 09:31:06'),(247,'Issac West Jr.',1,'1996-02-11','Turcotte.Alayna@hotmail.com','1-548-439-2422','343-487-0494','48365 Prosacco Shores Apt. 040\nKozeyborough, PA 48066','','Veniam aut mollitia laboriosam aliquid illum.','2016-01-17 09:31:06','2016-01-17 09:31:06'),(248,'Antonietta Greenholt',2,'2010-05-19','Onie.Wuckert@hotmail.com','321.920.6347x541','158-373-2708x9629','187 Marvin Stream Apt. 761\nBeckershire, GA 70821-8933','','Ipsam ut corrupti vel modi quis exercitationem sit.','2016-01-17 09:31:06','2016-01-17 09:31:06'),(249,'Hannah Lind',1,'1993-06-15','Eryn.Lindgren@gmail.com','(544)162-2250x700','00500855001','37721 Shanel Manor\nKozeyton, TN 84004','','Et quos molestias atque quo.','2016-01-17 09:31:06','2016-01-17 09:31:06'),(250,'Waldo Lemke III',1,'1992-03-21','Kacie.Beer@hotmail.com','1-194-086-8618','752-771-1417x93364','8517 Langworth Ridges\nLake Elviefort, SD 08958','','Ipsam quia cumque voluptas magnam optio facere omnis.','2016-01-17 09:31:06','2016-01-17 09:31:06'),(251,'Hollis O\'Conner',2,'1998-10-16','Ernser.Chaim@McKenzie.com','1-938-718-9778x814','01424316738','00266 Shields Lodge Suite 586\nLucindaland, AR 38304-0086','','Dolorum rerum quas sit temporibus quis distinctio perspiciatis.','2016-01-17 09:31:06','2016-01-17 09:31:06'),(252,'Brody Kemmer',1,'1985-09-28','gHeller@Wunsch.com','1-012-038-8499x79154','1-502-040-9480x4039','0225 Jedediah Forest\nWest Madelyn, WY 74546-4610','','Iste dolor minus et.','2016-01-17 09:31:06','2016-01-17 09:31:06'),(253,'Roosevelt Jacobson',1,'1999-07-21','nKiehn@Swift.com','806-836-4305x75673','206.590.9029x2211','9319 Dibbert Court\nGeorgianaberg, MN 54568','','Nam velit doloremque voluptatibus dolor esse autem libero.','2016-01-17 09:31:06','2016-01-17 09:31:06'),(254,'Pamela Kassulke',2,'1976-05-12','Adolph24@Bergstrom.net','+80(7)2914403277','+02(0)5381429620','1863 Reese Tunnel Apt. 847\nCormierborough, SD 92085-3814','','Est culpa deleniti est rerum accusantium.','2016-01-17 09:31:06','2016-01-17 09:31:06'),(255,'Dr. Adolphus Beier V',1,'1976-07-30','Arlie.Stroman@Gibson.org','223-775-3392x533','(902)166-9450x72147','322 Nikko Rapid Apt. 907\nMcClurebury, AR 94117-3434','','Aut voluptatibus a iure debitis doloremque aut.','2016-01-17 09:31:06','2016-01-17 09:31:06'),(256,'Monserrat O\'Reilly',1,'2008-11-01','nDickinson@Berge.com','1-175-164-1022x3581','1-632-879-2163x48684','36036 Renner Gateway\nWest Carleton, SD 49941','','Repudiandae voluptatem nihil nulla ipsam mollitia possimus ea.','2016-01-17 09:31:06','2016-01-17 09:31:06'),(257,'Carlee Haag',2,'2014-06-19','Homenick.Brown@gmail.com','841.484.2733x60824','855.160.9511','3783 Becker Pine Apt. 201\nMannchester, CT 54982-7833','','In quia quaerat voluptatem aut dolore ratione qui id.','2016-01-17 09:31:06','2016-01-17 09:31:06'),(258,'Emma Haag',1,'1993-09-07','iRitchie@Gislason.info','02268342499','(852)943-5471x5608','126 Price Springs Apt. 045\nLake Asa, MD 34225-3385','','Ex numquam veritatis aut doloribus id aut veniam.','2016-01-17 09:31:06','2016-01-17 09:31:06'),(259,'Mrs. Violette Dare',1,'1996-10-05','Stefan.Leuschke@Schiller.org','(008)861-8888','06722916729','14789 Hane Vista Suite 585\nHanston, NJ 92212-7403','','Accusantium dolorum aliquam quos labore.','2016-01-17 09:31:06','2016-01-17 09:31:06'),(260,'Maud Witting MD',2,'1984-05-23','Rey.Kulas@hotmail.com','561.362.4791','527.473.0150x810','892 Leonard Trace\nLake Normaside, TN 11866','','Nemo alias distinctio quisquam eligendi sunt et.','2016-01-17 09:31:06','2016-01-17 09:31:06'),(261,'German Hackett II',2,'2011-03-08','Christina44@gmail.com','229-810-0406','439-806-4644x039','7308 Balistreri Highway\nWest Zoila, WI 59294','','Impedit id iusto harum molestias est dolor et aliquid.','2016-01-17 09:31:06','2016-01-17 09:31:06'),(262,'Fae Medhurst',1,'2013-03-30','qPadberg@yahoo.com','371.257.2503','432.072.7209x954','4980 Deron Ville Suite 114\nStehrmouth, MD 53588-8278','','Non sit non consectetur sint quia saepe laborum.','2016-01-17 09:31:06','2016-01-17 09:31:06'),(263,'Miss Eryn Rogahn',2,'2013-08-11','Pouros.Golda@gmail.com','(237)312-9153x259','+53(4)0088789673','139 Antonetta Manor\nNorth Carlos, WI 36916','','Ut aut magnam nisi delectus et sed.','2016-01-17 09:31:06','2016-01-17 09:31:06'),(264,'Mrs. Hildegard Cummerata',2,'2013-12-23','Ulises.Rath@Kuphal.biz','471-553-3418','504-162-5432','313 Buckridge Port\nSouth Kathlyn, CA 10258-3095','','Nobis sunt saepe est et.','2016-01-17 09:31:06','2016-01-17 09:31:06'),(265,'Prof. Dayana Becker',2,'2006-06-14','Edwina.Dach@Labadie.biz','886.046.4518x53451','1-396-637-8426x2578','50724 Beau Way Apt. 171\nWest Mathew, KS 44911-6696','','Aut sit aliquam deleniti ipsam sit deserunt.','2016-01-17 09:31:06','2016-01-17 09:31:06'),(266,'Leilani Torphy',1,'1984-01-21','Maeve92@yahoo.com','1-244-233-1817x4090','(929)427-8514x7858','1886 Cecile Square Suite 639\nLake Miraclefort, DE 25326','','Minus eum fugiat sunt neque quaerat aut.','2016-01-17 09:31:06','2016-01-17 09:31:06'),(267,'Charles Yundt',1,'2008-09-10','jVeum@hotmail.com','(662)804-4829x89230','338.883.1576x29760','565 Flatley Islands Apt. 632\nWest Urielborough, AZ 98354','','Consequatur id et id id perferendis dignissimos.','2016-01-17 09:31:06','2016-01-17 09:31:06'),(268,'Avis Wehner',2,'2015-05-07','Blick.Polly@Price.com','1-176-985-1740x3539','744.754.5782x74059','12120 Anabel Isle Apt. 744\nNew Adrian, RI 79005','','Aut dolorem iusto dignissimos iusto.','2016-01-17 09:31:06','2016-01-17 09:31:06'),(269,'Matt Streich DVM',1,'1985-09-28','Juliet.Bosco@Robel.com','718-050-4876','1-449-480-6009','796 Dach Circle Apt. 623\nNorth Raeganfurt, SD 96030','','Cupiditate et nihil voluptatem nam.','2016-01-17 09:31:06','2016-01-17 09:31:06'),(270,'Jameson Grady',2,'1989-04-17','Kimberly22@OKeefe.net','(424)062-0244x4687','1-656-693-9500','4696 Hettinger Light\nEast Armani, ME 47572','','Nihil tenetur temporibus temporibus voluptatem unde excepturi.','2016-01-17 09:31:06','2016-01-17 09:31:06'),(271,'Samanta Leuschke',1,'1980-09-18','Annamae.Jenkins@hotmail.com','1-470-042-4097x55538','1-736-392-0653x29921','0517 McGlynn Prairie Apt. 133\nEast Velda, WI 34032','','Nobis quibusdam molestias doloribus blanditiis ratione nihil dolores nesciunt.','2016-01-17 09:31:06','2016-01-17 09:31:06'),(272,'Elliot Vandervort',2,'1970-09-03','mOberbrunner@Hintz.com','1-016-272-5353','388-943-8587x0584','052 Johnston Lodge Suite 564\nNew Lyda, ND 47104-1015','','Ea laborum consectetur sit nemo.','2016-01-17 09:31:06','2016-01-17 09:31:06'),(273,'Margaretta Larson',1,'1995-07-13','Della77@yahoo.com','1-737-549-6955x223','691.561.8420x371','6695 Goldner Plain\nBernadetteborough, NE 92984','','Suscipit et assumenda deserunt adipisci ab.','2016-01-17 09:31:06','2016-01-17 09:31:06'),(274,'Miss Era Beatty Jr.',1,'1995-06-05','Dickinson.Marielle@King.com','1-359-138-6326x014','1-960-199-3323','42924 Macejkovic Field Apt. 870\nJeromeport, MO 39093-8396','','Animi vero iste reprehenderit cum id nulla dolorum.','2016-01-17 09:31:06','2016-01-17 09:31:06'),(275,'Donny Predovic',2,'1991-11-09','hGerlach@Turner.biz','921.243.1780x367','(459)819-2748','559 Willms Drive Apt. 327\nNorth Mikeborough, DC 54588','','Officia eos ut quo adipisci possimus magni et cum.','2016-01-17 09:31:06','2016-01-17 09:31:06'),(276,'Trevion Larkin',2,'2001-01-30','Bridie.Prohaska@gmail.com','(276)226-1865x7087','(293)034-5495x056','7222 Kuphal Camp\nMoenborough, VA 67736-8524','','Nulla numquam veritatis voluptatem delectus.','2016-01-17 09:31:06','2016-01-17 09:31:06'),(277,'Rupert Welch',1,'2006-03-21','tSchamberger@gmail.com','(018)548-1798x84623','01724585819','268 Steuber Views\nSouth River, WA 70180','','Provident doloribus quia consectetur aut.','2016-01-17 09:31:06','2016-01-17 09:31:06'),(278,'Christine Runolfsson II',1,'1978-07-03','Arturo.Stracke@gmail.com','(160)706-9500','(781)297-8016x508','6868 Klein Forest\nSchaeferside, NE 07310-1010','','Dolorum quos non nihil.','2016-01-17 09:31:06','2016-01-17 09:31:06'),(279,'Aylin Murray',1,'2014-04-26','Carole.Labadie@gmail.com','(638)526-9192x913','+58(2)8353715234','048 Leonie Station Suite 172\nLake Gregorio, MS 17188','','Voluptatum provident voluptatem in sapiente quaerat aut.','2016-01-17 09:31:06','2016-01-17 09:31:06'),(280,'Ms. Flossie Goldner',2,'1982-11-07','Ezra11@hotmail.com','(950)241-1344x41605','1-156-631-0423x706','7274 Rodriguez Lakes Suite 603\nSouth Lamontbury, AZ 64216-3615','','Sit id ducimus eos consequatur aut excepturi vero.','2016-01-17 09:31:06','2016-01-17 09:31:06'),(281,'Maximus Kuhn',1,'1978-12-18','Murphy.Cecilia@hotmail.com','140-231-9335','(742)248-3996x183','491 Donnelly Fork Apt. 854\nMoenstad, AL 21742','','Ipsa ducimus aut praesentium ipsam.','2016-01-17 09:31:06','2016-01-17 09:31:06'),(282,'Carol Funk',2,'1988-04-24','Metz.Marco@Erdman.com','157-738-1160','1-636-481-1242x6436','87960 Delores Walks\nQuitzonstad, ND 46458-5465','','Consequatur non provident sunt perferendis.','2016-01-17 09:31:06','2016-01-17 09:31:06'),(283,'Cheyanne Witting',1,'1981-10-27','aThompson@yahoo.com','674-178-3272x917','226.906.7422x127','1000 Legros Parkways Apt. 476\nWest Marianne, WA 01406-5613','','Aliquam rerum nesciunt cupiditate quas.','2016-01-17 09:31:06','2016-01-17 09:31:06'),(284,'Guiseppe Klocko',1,'1980-11-01','Kautzer.Bailee@Batz.info','(431)303-0633x978','985-332-2149x6240','38034 Huel Estate Suite 562\nRowestad, HI 36606','','Natus atque tenetur unde illum ratione ut voluptas.','2016-01-17 09:31:06','2016-01-17 09:31:06'),(285,'Kathryn Fahey V',2,'1995-11-21','Mariane.Purdy@gmail.com','050-785-6284x62087','826-728-3474','703 Bogisich Lodge\nEast Susanna, NH 80837-8605','','Excepturi natus est perferendis quo natus est facilis.','2016-01-17 09:31:06','2016-01-17 09:31:06'),(286,'Prof. Jaclyn Monahan',1,'1974-03-16','fGleichner@Brown.net','1-428-020-2274x3510','1-164-582-0533x77045','038 Garth Ways Apt. 531\nAriannashire, ID 30183','','Dolores excepturi incidunt omnis aliquid dolores totam nihil.','2016-01-17 09:31:06','2016-01-17 09:31:06'),(287,'Breanne Hand',1,'2011-04-25','fStokes@Hagenes.info','(474)991-0047x881','+46(2)3554513675','49222 King Valleys\nMarianview, NM 86536','','Nulla quaerat eos officia dolor doloribus qui.','2016-01-17 09:31:06','2016-01-17 09:31:06'),(288,'Ms. Vivian Hettinger',2,'1994-09-16','Ava.Ruecker@Price.com','620.234.9923','336-612-2589','3472 Carey Mills\nLake Ruthieside, CT 92660','','Aut rerum nemo saepe assumenda et non.','2016-01-17 09:31:06','2016-01-17 09:31:06'),(289,'Keira Langworth',2,'1971-06-23','Enola68@Kemmer.org','(821)963-0635x1194','697-248-0978','367 Rowan Knoll\nEast Keeley, OK 43192-6591','','Perferendis qui vel consequuntur quidem delectus suscipit inventore.','2016-01-17 09:31:06','2016-01-17 09:31:06'),(290,'Ms. Constance Durgan MD',1,'1970-02-15','Verla98@Kessler.com','+77(5)9959361184','386-231-7740x60535','06928 Piper Square Suite 020\nElmermouth, MN 36860-8920','','Et eum optio dolor aut optio quo omnis pariatur.','2016-01-17 09:31:06','2016-01-17 09:31:06'),(291,'Mr. Casimer Paucek',2,'2009-05-06','Bednar.Rosina@yahoo.com','1-686-615-0131','1-663-154-5708x7862','5488 Myah Light\nArmstrongview, WV 23192-5853','','Delectus omnis ipsa ea voluptas eum hic id.','2016-01-17 09:31:06','2016-01-17 09:31:06'),(292,'Hilda Leffler',1,'2015-03-10','OHara.Howard@Tillman.com','713-436-7331x421','(209)579-1282x075','4466 Penelope Lakes Suite 531\nDarwinmouth, NM 75764','','Ipsum maiores numquam molestiae aut rem aliquid.','2016-01-17 09:31:06','2016-01-17 09:31:06'),(293,'Bryce Kunde',2,'2013-12-17','Zita70@gmail.com','566-139-9468','(980)399-8181x6902','1930 Deborah Crest\nBinsberg, AL 72158-6342','','Cumque quas qui vero nihil.','2016-01-17 09:31:06','2016-01-17 09:31:06'),(294,'Ms. Anastasia Mills I',2,'1988-02-28','Kathryn.Simonis@Torphy.com','1-889-723-7852','04048599851','890 Retha Shores Suite 392\nEast Kayaville, AK 49930-4737','','Nihil eum nostrum nihil veritatis assumenda aliquid.','2016-01-17 09:31:06','2016-01-17 09:31:06'),(295,'Jaden Schowalter',1,'2009-10-02','Marcia71@yahoo.com','+26(0)5582823676','710-135-9451x4170','442 Anita Passage\nLake Jarrod, ND 31019-4894','','Fugiat iusto optio asperiores numquam repellat ad esse.','2016-01-17 09:31:06','2016-01-17 09:31:06'),(296,'Uriah Veum',1,'2009-11-10','Shawn.Gerhold@Flatley.com','1-077-075-1021x9941','(859)660-5727x673','4493 Christiansen Inlet Apt. 585\nWest Fern, NC 88404-1840','','Corrupti nobis necessitatibus voluptas aliquam amet placeat minima.','2016-01-17 09:31:06','2016-01-17 09:31:06'),(297,'Chance Paucek PhD',2,'2004-06-09','Alfred.Bergstrom@yahoo.com','1-293-981-0647x65182','727.790.8194','567 McDermott Fords Suite 581\nKoelpinbury, PA 16315-5077','','Quo necessitatibus cupiditate non.','2016-01-17 09:31:06','2016-01-17 09:31:06'),(298,'Tran Phong Phu',2,'2002-10-18','Jayme.Harber@yahoo.com','0937942974','0937942974','544 Cecil Parks\nSouth Gunner, DE 30081-0629','','Velit illum tenetur enim voluptates.','2016-01-19 12:57:45','2016-01-17 09:31:06'),(299,'Mr. Alexander Kessler',2,'1997-07-24','Bosco.Camylle@Schuppe.net','09123456789','1-983-754-6336','075 Kaci Inlet\nEstaville, IA 30383','','Dicta et amet explicabo ullam sunt expedita.','2016-01-23 18:23:30','2016-01-17 09:31:06'),(300,'Eldridge Paucek',2,'1981-11-25','Monique.Leuschke@Little.biz','820-155-8987x25536','(107)777-4607x7830','28332 Gabriel Turnpike Suite 434\nEast Uriah, OH 35080-2380','','Reprehenderit vitae voluptatum nesciunt voluptas commodi consequatur dolorum.','2016-01-17 09:31:07','2016-01-17 09:31:07'),(308,'Tran Van L',0,'0000-00-00',NULL,'01234567890',NULL,'','','','2016-01-25 16:59:45','2016-01-25 09:59:45');
/*!40000 ALTER TABLE `customers` ENABLE KEYS */;
UNLOCK TABLES;

--
-- Table structure for table `invoice_items`
--

DROP TABLE IF EXISTS `invoice_items`;
/*!40101 SET @saved_cs_client     = @@character_set_client */;
/*!40101 SET character_set_client = utf8 */;
CREATE TABLE `invoice_items` (
  `id` int(10) unsigned NOT NULL AUTO_INCREMENT,
  `invoice_id` int(10) unsigned NOT NULL,
  `product_id` int(10) unsigned NOT NULL,
  `quality` int(10) unsigned NOT NULL,
  `price` double(8,2) NOT NULL,
  `discount_value` double(8,2) NOT NULL,
  `discount_type` int(11) NOT NULL,
  `created_at` timestamp NOT NULL DEFAULT CURRENT_TIMESTAMP ON UPDATE CURRENT_TIMESTAMP,
  `updated_at` timestamp NOT NULL DEFAULT '0000-00-00 00:00:00',
  PRIMARY KEY (`id`),
  UNIQUE KEY `invoice_items_invoice_id_product_id_unique` (`invoice_id`,`product_id`)
) ENGINE=InnoDB AUTO_INCREMENT=48 DEFAULT CHARSET=utf8 COLLATE=utf8_unicode_ci;
/*!40101 SET character_set_client = @saved_cs_client */;

--
-- Dumping data for table `invoice_items`
--

LOCK TABLES `invoice_items` WRITE;
/*!40000 ALTER TABLE `invoice_items` DISABLE KEYS */;
INSERT INTO `invoice_items` VALUES (1,1,1,3,7952.00,0.00,0,'2016-01-21 17:16:20','2016-01-21 10:16:20'),(2,1,3,2,3842.00,0.00,0,'2016-01-21 17:16:20','2016-01-21 10:16:20'),(3,2,1,3,7952.00,0.00,0,'2016-01-23 09:36:06','2016-01-23 09:36:06'),(4,2,5,2,3826.00,0.00,0,'2016-01-23 09:36:06','2016-01-23 09:36:06'),(5,2,4,2,7381.00,0.00,0,'2016-01-23 09:36:06','2016-01-23 09:36:06'),(6,3,1,5,7952.00,0.00,0,'2016-01-23 09:39:56','2016-01-23 09:39:56'),(11,4,2,1,6040.00,0.00,0,'2016-01-23 10:42:11','2016-01-23 10:42:11'),(12,4,3,1,3842.00,0.00,0,'2016-01-23 10:42:11','2016-01-23 10:42:11'),(13,4,5,1,3826.00,0.00,0,'2016-01-23 10:42:11','2016-01-23 10:42:11'),(16,5,1,2,7952.00,0.00,0,'2016-01-23 18:31:28','2016-01-23 11:31:28'),(17,5,2,3,6040.00,0.00,0,'2016-01-23 18:31:28','2016-01-23 11:31:28'),(18,5,3,4,3842.00,0.00,0,'2016-01-23 18:31:28','2016-01-23 11:31:28'),(19,5,4,6,7381.00,0.00,0,'2016-01-23 18:31:28','2016-01-23 11:31:28'),(20,5,5,1,3826.00,0.00,0,'2016-01-23 18:31:28','2016-01-23 11:31:28'),(21,5,6,1,8862.00,0.00,0,'2016-01-23 18:31:28','2016-01-23 11:31:28'),(23,6,2,2,6040.00,0.00,0,'2016-01-24 10:32:26','2016-01-24 03:32:26'),(24,6,1,1,7952.00,0.00,0,'2016-01-24 10:32:26','2016-01-24 03:32:26'),(25,6,3,1,3842.00,0.00,0,'2016-01-24 10:32:26','2016-01-24 03:32:26'),(26,7,1,5,7952.00,0.00,0,'2016-01-24 03:04:46','2016-01-23 20:04:46'),(27,8,3,3,3842.00,0.00,0,'2016-01-23 20:19:39','2016-01-23 20:19:39'),(28,8,6,1,8862.00,0.00,0,'2016-01-23 20:19:39','2016-01-23 20:19:39'),(29,9,1,1,7952.00,0.00,0,'2016-01-23 20:21:08','2016-01-23 20:21:08'),(30,9,5,1,3826.00,0.00,0,'2016-01-23 20:21:08','2016-01-23 20:21:08'),(31,9,4,1,7381.00,0.00,0,'2016-01-23 20:21:08','2016-01-23 20:21:08'),(32,10,1,1,7952.00,0.00,0,'2016-01-23 20:36:46','2016-01-23 20:36:46'),(33,10,2,1,6040.00,0.00,0,'2016-01-23 20:36:46','2016-01-23 20:36:46'),(34,10,3,1,3842.00,0.00,0,'2016-01-23 20:36:46','2016-01-23 20:36:46'),(35,11,1,4,7952.00,0.00,0,'2016-01-24 05:13:02','2016-01-23 22:13:02'),(36,11,4,3,7381.00,0.00,0,'2016-01-24 05:10:29','2016-01-23 22:10:29'),(37,11,2,1,6040.00,0.00,0,'2016-01-24 05:13:02','2016-01-23 22:13:02'),(38,11,3,1,3842.00,0.00,0,'2016-01-23 22:13:02','2016-01-23 22:13:02'),(39,6,4,4,7381.00,0.00,0,'2016-01-24 10:32:26','2016-01-24 03:32:26'),(40,12,1,1,7952.00,0.00,0,'2016-01-24 10:43:41','2016-01-24 03:43:41'),(41,12,2,2,6040.00,0.00,0,'2016-01-24 10:43:41','2016-01-24 03:43:41'),(42,13,1,4,7952.00,0.00,0,'2016-01-25 10:06:11','2016-01-25 10:06:11'),(43,14,1,1,7952.00,0.00,0,'2016-01-25 10:12:49','2016-01-25 10:12:49'),(44,14,2,1,6040.00,0.00,0,'2016-01-25 10:12:49','2016-01-25 10:12:49'),(45,15,1,3,7952.00,0.00,0,'2016-01-28 16:30:03','2016-01-28 09:30:03'),(46,15,307,1,10000.00,0.00,0,'2016-01-28 16:30:03','2016-01-28 09:30:03'),(47,15,312,1,12345.00,0.00,0,'2016-01-28 09:30:03','2016-01-28 09:30:03');
/*!40000 ALTER TABLE `invoice_items` ENABLE KEYS */;
UNLOCK TABLES;

--
-- Table structure for table `invoices`
--

DROP TABLE IF EXISTS `invoices`;
/*!40101 SET @saved_cs_client     = @@character_set_client */;
/*!40101 SET character_set_client = utf8 */;
CREATE TABLE `invoices` (
  `id` int(10) unsigned NOT NULL AUTO_INCREMENT,
  `customer_id` int(10) unsigned NOT NULL,
  `sale_user_id` int(10) unsigned NOT NULL,
  `invoice_state` int(10) unsigned NOT NULL,
  `invoice_status` tinyint(1) NOT NULL,
  `payment_total` double(8,2) NOT NULL,
  `payment_discount` double(8,2) NOT NULL,
  `payment_net` double(8,2) NOT NULL,
  `payment_type` int(10) unsigned NOT NULL,
  `payment_status` tinyint(1) NOT NULL,
  `transfer_id` int(10) unsigned NOT NULL,
  `buy_at_store` tinyint(1) NOT NULL,
  `ship_address_id` int(10) unsigned NOT NULL,
  `note` text COLLATE utf8_unicode_ci NOT NULL,
  `created_at` timestamp NOT NULL DEFAULT CURRENT_TIMESTAMP ON UPDATE CURRENT_TIMESTAMP,
  `updated_at` timestamp NOT NULL DEFAULT '0000-00-00 00:00:00',
  PRIMARY KEY (`id`)
) ENGINE=InnoDB AUTO_INCREMENT=16 DEFAULT CHARSET=utf8 COLLATE=utf8_unicode_ci;
/*!40101 SET character_set_client = @saved_cs_client */;

--
-- Dumping data for table `invoices`
--

LOCK TABLES `invoices` WRITE;
/*!40000 ALTER TABLE `invoices` DISABLE KEYS */;
INSERT INTO `invoices` VALUES (1,298,1,0,0,0.00,0.00,0.00,0,0,0,0,426,'','2016-01-21 16:52:13','2016-01-21 09:52:13'),(2,31,1,0,0,0.00,0.00,0.00,0,0,0,0,0,'','2016-01-23 16:36:06','2016-01-23 09:36:06'),(3,1,1,0,0,0.00,0.00,0.00,0,0,0,0,0,'','2016-01-23 16:39:56','2016-01-23 09:39:56'),(4,298,1,0,0,0.00,0.00,0.00,0,0,0,0,426,'','2016-01-23 17:42:11','2016-01-23 10:42:11'),(5,298,1,0,0,0.00,0.00,0.00,0,0,0,0,426,'','2016-01-23 17:53:06','2016-01-23 10:53:06'),(6,299,1,0,0,0.00,0.00,0.00,0,0,0,0,0,'','2016-01-23 18:29:11','2016-01-23 11:29:11'),(7,298,1,0,0,0.00,0.00,0.00,0,0,0,0,426,'','2016-01-24 02:53:48','2016-01-23 19:53:48'),(8,299,1,0,0,0.00,0.00,0.00,0,0,0,0,0,'','2016-01-24 03:19:39','2016-01-23 20:19:39'),(9,299,1,0,0,0.00,0.00,0.00,0,0,0,0,0,'','2016-01-24 03:21:08','2016-01-23 20:21:08'),(10,299,1,0,0,0.00,0.00,0.00,0,0,0,0,0,'','2016-01-24 03:36:46','2016-01-23 20:36:46'),(11,299,1,0,0,0.00,0.00,0.00,0,0,0,0,0,'','2016-01-24 04:23:38','2016-01-23 21:23:38'),(12,299,1,0,0,0.00,0.00,0.00,0,0,0,0,0,'','2016-01-24 10:33:49','2016-01-24 03:33:49'),(13,308,1,0,0,0.00,0.00,0.00,0,0,0,0,0,'','2016-01-25 17:06:11','2016-01-25 10:06:11'),(14,298,1,0,0,0.00,0.00,0.00,0,0,0,0,426,'','2016-01-25 17:12:49','2016-01-25 10:12:49'),(15,298,1,0,0,0.00,0.00,0.00,0,0,0,0,426,'','2016-01-28 12:35:11','2016-01-28 05:35:11');
/*!40000 ALTER TABLE `invoices` ENABLE KEYS */;
UNLOCK TABLES;

--
-- Table structure for table `migrations`
--

DROP TABLE IF EXISTS `migrations`;
/*!40101 SET @saved_cs_client     = @@character_set_client */;
/*!40101 SET character_set_client = utf8 */;
CREATE TABLE `migrations` (
  `migration` varchar(255) COLLATE utf8_unicode_ci NOT NULL,
  `batch` int(11) NOT NULL
) ENGINE=InnoDB DEFAULT CHARSET=utf8 COLLATE=utf8_unicode_ci;
/*!40101 SET character_set_client = @saved_cs_client */;

--
-- Dumping data for table `migrations`
--

LOCK TABLES `migrations` WRITE;
/*!40000 ALTER TABLE `migrations` DISABLE KEYS */;
INSERT INTO `migrations` VALUES ('2014_10_12_000000_create_users_table',1),('2014_10_12_100000_create_password_resets_table',1),('2015_12_26_101754_create_product_categories_table',1),('2015_12_26_103201_create_suppilers_table',1),('2015_12_26_104324_create_product_prices_table',1),('2016_01_16_103752_create_addresses_table',2),('2016_01_16_105327_create_customers_table',3),('2015_12_25_184519_create_products_table',4),('2016_01_16_151014_add_more_columns_to_users_table',5),('2016_01_19_103023_add_is_active_to_product_prices_table',6),('2016_01_20_171619_create_invoices_table',7),('2016_01_21_142725_create_invoice_items_table',8),('2016_01_25_175325_create_stocks_table',9),('2016_01_25_175521_create_brands_table',9),('2016_01_26_154037_create_product_units_table',10);
/*!40000 ALTER TABLE `migrations` ENABLE KEYS */;
UNLOCK TABLES;

--
-- Table structure for table `password_resets`
--

DROP TABLE IF EXISTS `password_resets`;
/*!40101 SET @saved_cs_client     = @@character_set_client */;
/*!40101 SET character_set_client = utf8 */;
CREATE TABLE `password_resets` (
  `email` varchar(255) COLLATE utf8_unicode_ci NOT NULL,
  `token` varchar(255) COLLATE utf8_unicode_ci NOT NULL,
  `created_at` timestamp NOT NULL DEFAULT CURRENT_TIMESTAMP ON UPDATE CURRENT_TIMESTAMP,
  KEY `password_resets_email_index` (`email`),
  KEY `password_resets_token_index` (`token`)
) ENGINE=InnoDB DEFAULT CHARSET=utf8 COLLATE=utf8_unicode_ci;
/*!40101 SET character_set_client = @saved_cs_client */;

--
-- Dumping data for table `password_resets`
--

LOCK TABLES `password_resets` WRITE;
/*!40000 ALTER TABLE `password_resets` DISABLE KEYS */;
/*!40000 ALTER TABLE `password_resets` ENABLE KEYS */;
UNLOCK TABLES;

--
-- Table structure for table `product_categories`
--

DROP TABLE IF EXISTS `product_categories`;
/*!40101 SET @saved_cs_client     = @@character_set_client */;
/*!40101 SET character_set_client = utf8 */;
CREATE TABLE `product_categories` (
  `id` int(10) unsigned NOT NULL AUTO_INCREMENT,
  `name` varchar(255) COLLATE utf8_unicode_ci NOT NULL,
  `created_at` timestamp NOT NULL DEFAULT CURRENT_TIMESTAMP ON UPDATE CURRENT_TIMESTAMP,
  `updated_at` timestamp NOT NULL DEFAULT '0000-00-00 00:00:00',
  PRIMARY KEY (`id`)
) ENGINE=InnoDB DEFAULT CHARSET=utf8 COLLATE=utf8_unicode_ci;
/*!40101 SET character_set_client = @saved_cs_client */;

--
-- Dumping data for table `product_categories`
--

LOCK TABLES `product_categories` WRITE;
/*!40000 ALTER TABLE `product_categories` DISABLE KEYS */;
/*!40000 ALTER TABLE `product_categories` ENABLE KEYS */;
UNLOCK TABLES;

--
-- Table structure for table `product_prices`
--

DROP TABLE IF EXISTS `product_prices`;
/*!40101 SET @saved_cs_client     = @@character_set_client */;
/*!40101 SET character_set_client = utf8 */;
CREATE TABLE `product_prices` (
  `id` int(10) unsigned NOT NULL AUTO_INCREMENT,
  `product_id` int(11) NOT NULL,
  `price` bigint(20) NOT NULL,
  `is_active` tinyint(1) NOT NULL,
  `created_user_id` int(11) NOT NULL,
  `created_at` timestamp NOT NULL DEFAULT CURRENT_TIMESTAMP ON UPDATE CURRENT_TIMESTAMP,
  `updated_at` timestamp NOT NULL DEFAULT '0000-00-00 00:00:00',
  PRIMARY KEY (`id`)
) ENGINE=InnoDB AUTO_INCREMENT=634 DEFAULT CHARSET=utf8 COLLATE=utf8_unicode_ci;
/*!40101 SET character_set_client = @saved_cs_client */;

--
-- Dumping data for table `product_prices`
--

LOCK TABLES `product_prices` WRITE;
/*!40000 ALTER TABLE `product_prices` DISABLE KEYS */;
INSERT INTO `product_prices` VALUES (1,1,7952,1,1,'2016-01-19 04:15:34','2016-01-19 04:15:34'),(2,2,6040,1,1,'2016-01-19 04:15:34','2016-01-19 04:15:34'),(3,2,7530,0,1,'2016-01-19 04:15:34','2016-01-19 04:15:34'),(4,3,3842,1,1,'2016-01-19 04:15:34','2016-01-19 04:15:34'),(5,4,7381,1,1,'2016-01-19 04:15:34','2016-01-19 04:15:34'),(6,5,3826,1,1,'2016-01-19 04:15:34','2016-01-19 04:15:34'),(7,5,7742,0,1,'2016-01-19 04:15:34','2016-01-19 04:15:34'),(8,5,6122,0,1,'2016-01-19 04:15:34','2016-01-19 04:15:34'),(9,6,8862,1,1,'2016-01-19 04:15:34','2016-01-19 04:15:34'),(10,6,7156,0,1,'2016-01-19 04:15:34','2016-01-19 04:15:34'),(11,7,5193,1,1,'2016-01-19 04:15:34','2016-01-19 04:15:34'),(12,7,2835,0,1,'2016-01-19 04:15:34','2016-01-19 04:15:34'),(13,8,7665,1,1,'2016-01-19 04:15:34','2016-01-19 04:15:34'),(14,8,1057,0,1,'2016-01-19 04:15:34','2016-01-19 04:15:34'),(15,8,2400,0,1,'2016-01-19 04:15:34','2016-01-19 04:15:34'),(16,9,7079,1,1,'2016-01-19 04:15:34','2016-01-19 04:15:34'),(17,9,3469,0,1,'2016-01-19 04:15:34','2016-01-19 04:15:34'),(18,10,8427,1,1,'2016-01-19 04:15:34','2016-01-19 04:15:34'),(19,10,4268,0,1,'2016-01-19 04:15:34','2016-01-19 04:15:34'),(20,10,7530,0,1,'2016-01-19 04:15:34','2016-01-19 04:15:34'),(21,11,8606,1,1,'2016-01-19 04:15:34','2016-01-19 04:15:34'),(22,12,4357,1,1,'2016-01-19 04:15:34','2016-01-19 04:15:34'),(23,13,6774,1,1,'2016-01-19 04:15:34','2016-01-19 04:15:34'),(24,13,5443,0,1,'2016-01-19 04:15:34','2016-01-19 04:15:34'),(25,14,7701,1,1,'2016-01-19 04:15:34','2016-01-19 04:15:34'),(26,14,3870,0,1,'2016-01-19 04:15:34','2016-01-19 04:15:34'),(27,14,8982,0,1,'2016-01-19 04:15:34','2016-01-19 04:15:34'),(28,15,5145,1,1,'2016-01-19 04:15:34','2016-01-19 04:15:34'),(29,15,8100,0,1,'2016-01-19 04:15:34','2016-01-19 04:15:34'),(30,15,4872,0,1,'2016-01-19 04:15:34','2016-01-19 04:15:34'),(31,16,7598,1,1,'2016-01-19 04:15:34','2016-01-19 04:15:34'),(32,16,6888,0,1,'2016-01-19 04:15:34','2016-01-19 04:15:34'),(33,17,3990,1,1,'2016-01-19 04:15:34','2016-01-19 04:15:34'),(34,17,4575,0,1,'2016-01-19 04:15:34','2016-01-19 04:15:34'),(35,18,7353,1,1,'2016-01-19 04:15:34','2016-01-19 04:15:34'),(36,18,5627,0,1,'2016-01-19 04:15:34','2016-01-19 04:15:34'),(37,18,4305,0,1,'2016-01-19 04:15:34','2016-01-19 04:15:34'),(38,19,5866,1,1,'2016-01-19 04:15:34','2016-01-19 04:15:34'),(39,20,6031,1,1,'2016-01-19 04:15:34','2016-01-19 04:15:34'),(40,20,1455,0,1,'2016-01-19 04:15:34','2016-01-19 04:15:34'),(41,20,2099,0,1,'2016-01-19 04:15:34','2016-01-19 04:15:34'),(42,21,2625,1,1,'2016-01-19 04:15:34','2016-01-19 04:15:34'),(43,21,1502,0,1,'2016-01-19 04:15:34','2016-01-19 04:15:34'),(44,21,6563,0,1,'2016-01-19 04:15:35','2016-01-19 04:15:35'),(45,22,7949,1,1,'2016-01-19 04:15:35','2016-01-19 04:15:35'),(46,22,3567,0,1,'2016-01-19 04:15:35','2016-01-19 04:15:35'),(47,22,6406,0,1,'2016-01-19 04:15:35','2016-01-19 04:15:35'),(48,23,7197,1,1,'2016-01-19 04:15:35','2016-01-19 04:15:35'),(49,23,6875,0,1,'2016-01-19 04:15:35','2016-01-19 04:15:35'),(50,24,2467,1,1,'2016-01-19 04:15:35','2016-01-19 04:15:35'),(51,24,6713,0,1,'2016-01-19 04:15:35','2016-01-19 04:15:35'),(52,24,1571,0,1,'2016-01-19 04:15:35','2016-01-19 04:15:35'),(53,25,7244,1,1,'2016-01-19 04:15:35','2016-01-19 04:15:35'),(54,25,7279,0,1,'2016-01-19 04:15:35','2016-01-19 04:15:35'),(55,25,3546,0,1,'2016-01-19 04:15:35','2016-01-19 04:15:35'),(56,26,7664,1,1,'2016-01-19 04:15:35','2016-01-19 04:15:35'),(57,27,7458,1,1,'2016-01-19 04:15:35','2016-01-19 04:15:35'),(58,27,4876,0,1,'2016-01-19 04:15:35','2016-01-19 04:15:35'),(59,28,2136,1,1,'2016-01-19 04:15:35','2016-01-19 04:15:35'),(60,28,6440,0,1,'2016-01-19 04:15:35','2016-01-19 04:15:35'),(61,29,1556,1,1,'2016-01-19 04:15:35','2016-01-19 04:15:35'),(62,30,1859,1,1,'2016-01-19 04:15:35','2016-01-19 04:15:35'),(63,30,5036,0,1,'2016-01-19 04:15:35','2016-01-19 04:15:35'),(64,31,6010,1,1,'2016-01-19 04:15:35','2016-01-19 04:15:35'),(65,31,1318,0,1,'2016-01-19 04:15:35','2016-01-19 04:15:35'),(66,32,8450,1,1,'2016-01-19 04:15:35','2016-01-19 04:15:35'),(67,32,8598,0,1,'2016-01-19 04:15:35','2016-01-19 04:15:35'),(68,33,5436,1,1,'2016-01-19 04:15:35','2016-01-19 04:15:35'),(69,34,4115,1,1,'2016-01-19 04:15:35','2016-01-19 04:15:35'),(70,34,5935,0,1,'2016-01-19 04:15:35','2016-01-19 04:15:35'),(71,34,5387,0,1,'2016-01-19 04:15:35','2016-01-19 04:15:35'),(72,35,2133,1,1,'2016-01-19 04:15:35','2016-01-19 04:15:35'),(73,35,5033,0,1,'2016-01-19 04:15:35','2016-01-19 04:15:35'),(74,36,5638,1,1,'2016-01-19 04:15:35','2016-01-19 04:15:35'),(75,36,3593,0,1,'2016-01-19 04:15:35','2016-01-19 04:15:35'),(76,36,5769,0,1,'2016-01-19 04:15:35','2016-01-19 04:15:35'),(77,37,7417,1,1,'2016-01-19 04:15:35','2016-01-19 04:15:35'),(78,38,4625,1,1,'2016-01-19 04:15:35','2016-01-19 04:15:35'),(79,38,7409,0,1,'2016-01-19 04:15:35','2016-01-19 04:15:35'),(80,38,1480,0,1,'2016-01-19 04:15:35','2016-01-19 04:15:35'),(81,39,5631,1,1,'2016-01-19 04:15:35','2016-01-19 04:15:35'),(82,39,7511,0,1,'2016-01-19 04:15:35','2016-01-19 04:15:35'),(83,39,7784,0,1,'2016-01-19 04:15:35','2016-01-19 04:15:35'),(84,40,7423,1,1,'2016-01-19 04:15:35','2016-01-19 04:15:35'),(85,40,1555,0,1,'2016-01-19 04:15:35','2016-01-19 04:15:35'),(86,41,4392,1,1,'2016-01-19 04:15:35','2016-01-19 04:15:35'),(87,41,6560,0,1,'2016-01-19 04:15:35','2016-01-19 04:15:35'),(88,41,2449,0,1,'2016-01-19 04:15:35','2016-01-19 04:15:35'),(89,42,1394,1,1,'2016-01-19 04:15:35','2016-01-19 04:15:35'),(90,43,8949,1,1,'2016-01-19 04:15:35','2016-01-19 04:15:35'),(91,43,1593,0,1,'2016-01-19 04:15:35','2016-01-19 04:15:35'),(92,43,3284,0,1,'2016-01-19 04:15:35','2016-01-19 04:15:35'),(93,44,1260,1,1,'2016-01-19 04:15:35','2016-01-19 04:15:35'),(94,44,6577,0,1,'2016-01-19 04:15:35','2016-01-19 04:15:35'),(95,45,3132,1,1,'2016-01-19 04:15:35','2016-01-19 04:15:35'),(96,45,8033,0,1,'2016-01-19 04:15:35','2016-01-19 04:15:35'),(97,45,3201,0,1,'2016-01-19 04:15:35','2016-01-19 04:15:35'),(98,46,1377,1,1,'2016-01-19 04:15:35','2016-01-19 04:15:35'),(99,46,4424,0,1,'2016-01-19 04:15:35','2016-01-19 04:15:35'),(100,47,2395,1,1,'2016-01-19 04:15:35','2016-01-19 04:15:35'),(101,47,4199,0,1,'2016-01-19 04:15:35','2016-01-19 04:15:35'),(102,47,5878,0,1,'2016-01-19 04:15:35','2016-01-19 04:15:35'),(103,48,6677,1,1,'2016-01-19 04:15:35','2016-01-19 04:15:35'),(104,49,6184,1,1,'2016-01-19 04:15:35','2016-01-19 04:15:35'),(105,50,8673,1,1,'2016-01-19 04:15:35','2016-01-19 04:15:35'),(106,51,7196,1,1,'2016-01-19 04:15:35','2016-01-19 04:15:35'),(107,52,8288,1,1,'2016-01-19 04:15:35','2016-01-19 04:15:35'),(108,52,6935,0,1,'2016-01-19 04:15:35','2016-01-19 04:15:35'),(109,52,3309,0,1,'2016-01-19 04:15:35','2016-01-19 04:15:35'),(110,53,8332,1,1,'2016-01-19 04:15:35','2016-01-19 04:15:35'),(111,54,1218,1,1,'2016-01-19 04:15:35','2016-01-19 04:15:35'),(112,54,3655,0,1,'2016-01-19 04:15:35','2016-01-19 04:15:35'),(113,55,6059,1,1,'2016-01-19 04:15:35','2016-01-19 04:15:35'),(114,55,4110,0,1,'2016-01-19 04:15:35','2016-01-19 04:15:35'),(115,56,7598,1,1,'2016-01-19 04:15:35','2016-01-19 04:15:35'),(116,56,4565,0,1,'2016-01-19 04:15:35','2016-01-19 04:15:35'),(117,56,4651,0,1,'2016-01-19 04:15:35','2016-01-19 04:15:35'),(118,57,8445,1,1,'2016-01-19 04:15:35','2016-01-19 04:15:35'),(119,57,3117,0,1,'2016-01-19 04:15:35','2016-01-19 04:15:35'),(120,57,7171,0,1,'2016-01-19 04:15:35','2016-01-19 04:15:35'),(121,58,3339,1,1,'2016-01-19 04:15:35','2016-01-19 04:15:35'),(122,58,2226,0,1,'2016-01-19 04:15:35','2016-01-19 04:15:35'),(123,58,5259,0,1,'2016-01-19 04:15:35','2016-01-19 04:15:35'),(124,59,5647,1,1,'2016-01-19 04:15:35','2016-01-19 04:15:35'),(125,59,4120,0,1,'2016-01-19 04:15:35','2016-01-19 04:15:35'),(126,60,5148,1,1,'2016-01-19 04:15:35','2016-01-19 04:15:35'),(127,60,4265,0,1,'2016-01-19 04:15:35','2016-01-19 04:15:35'),(128,60,4989,0,1,'2016-01-19 04:15:35','2016-01-19 04:15:35'),(129,61,8648,1,1,'2016-01-19 04:15:35','2016-01-19 04:15:35'),(130,61,7306,0,1,'2016-01-19 04:15:35','2016-01-19 04:15:35'),(131,62,7556,1,1,'2016-01-19 04:15:35','2016-01-19 04:15:35'),(132,62,6711,0,1,'2016-01-19 04:15:35','2016-01-19 04:15:35'),(133,62,7735,0,1,'2016-01-19 04:15:35','2016-01-19 04:15:35'),(134,63,6221,1,1,'2016-01-19 04:15:36','2016-01-19 04:15:36'),(135,64,3523,1,1,'2016-01-19 04:15:36','2016-01-19 04:15:36'),(136,64,6234,0,1,'2016-01-19 04:15:36','2016-01-19 04:15:36'),(137,64,2661,0,1,'2016-01-19 04:15:36','2016-01-19 04:15:36'),(138,65,2070,1,1,'2016-01-19 04:15:36','2016-01-19 04:15:36'),(139,65,7516,0,1,'2016-01-19 04:15:36','2016-01-19 04:15:36'),(140,66,1487,1,1,'2016-01-19 04:15:36','2016-01-19 04:15:36'),(141,66,2247,0,1,'2016-01-19 04:15:36','2016-01-19 04:15:36'),(142,67,1486,1,1,'2016-01-19 04:15:36','2016-01-19 04:15:36'),(143,67,1664,0,1,'2016-01-19 04:15:36','2016-01-19 04:15:36'),(144,67,5025,0,1,'2016-01-19 04:15:36','2016-01-19 04:15:36'),(145,68,6675,1,1,'2016-01-19 04:15:36','2016-01-19 04:15:36'),(146,68,7372,0,1,'2016-01-19 04:15:36','2016-01-19 04:15:36'),(147,68,1478,0,1,'2016-01-19 04:15:36','2016-01-19 04:15:36'),(148,69,7162,1,1,'2016-01-19 04:15:36','2016-01-19 04:15:36'),(149,69,5154,0,1,'2016-01-19 04:15:36','2016-01-19 04:15:36'),(150,70,3604,1,1,'2016-01-19 04:15:36','2016-01-19 04:15:36'),(151,70,7155,0,1,'2016-01-19 04:15:36','2016-01-19 04:15:36'),(152,70,8133,0,1,'2016-01-19 04:15:36','2016-01-19 04:15:36'),(153,71,4113,1,1,'2016-01-19 04:15:36','2016-01-19 04:15:36'),(154,72,4837,1,1,'2016-01-19 04:15:36','2016-01-19 04:15:36'),(155,73,8308,1,1,'2016-01-19 04:15:36','2016-01-19 04:15:36'),(156,73,3625,0,1,'2016-01-19 04:15:36','2016-01-19 04:15:36'),(157,73,6256,0,1,'2016-01-19 04:15:36','2016-01-19 04:15:36'),(158,74,5913,1,1,'2016-01-19 04:15:36','2016-01-19 04:15:36'),(159,75,1061,1,1,'2016-01-19 04:15:36','2016-01-19 04:15:36'),(160,75,8417,0,1,'2016-01-19 04:15:36','2016-01-19 04:15:36'),(161,76,3404,1,1,'2016-01-19 04:15:36','2016-01-19 04:15:36'),(162,76,7824,0,1,'2016-01-19 04:15:36','2016-01-19 04:15:36'),(163,77,7835,1,1,'2016-01-19 04:15:36','2016-01-19 04:15:36'),(164,77,1062,0,1,'2016-01-19 04:15:36','2016-01-19 04:15:36'),(165,78,7182,1,1,'2016-01-19 04:15:36','2016-01-19 04:15:36'),(166,78,6526,0,1,'2016-01-19 04:15:36','2016-01-19 04:15:36'),(167,79,5761,1,1,'2016-01-19 04:15:36','2016-01-19 04:15:36'),(168,79,3927,0,1,'2016-01-19 04:15:36','2016-01-19 04:15:36'),(169,79,3193,0,1,'2016-01-19 04:15:36','2016-01-19 04:15:36'),(170,80,1409,1,1,'2016-01-19 04:15:36','2016-01-19 04:15:36'),(171,80,8522,0,1,'2016-01-19 04:15:36','2016-01-19 04:15:36'),(172,81,3579,1,1,'2016-01-19 04:15:36','2016-01-19 04:15:36'),(173,81,3190,0,1,'2016-01-19 04:15:36','2016-01-19 04:15:36'),(174,82,5715,1,1,'2016-01-19 04:15:36','2016-01-19 04:15:36'),(175,83,6194,1,1,'2016-01-19 04:15:36','2016-01-19 04:15:36'),(176,83,8000,0,1,'2016-01-19 04:15:36','2016-01-19 04:15:36'),(177,84,4537,1,1,'2016-01-19 04:15:36','2016-01-19 04:15:36'),(178,84,6093,0,1,'2016-01-19 04:15:36','2016-01-19 04:15:36'),(179,85,3238,1,1,'2016-01-19 04:15:36','2016-01-19 04:15:36'),(180,85,1615,0,1,'2016-01-19 04:15:36','2016-01-19 04:15:36'),(181,86,2767,1,1,'2016-01-19 04:15:36','2016-01-19 04:15:36'),(182,86,1071,0,1,'2016-01-19 04:15:36','2016-01-19 04:15:36'),(183,86,4467,0,1,'2016-01-19 04:15:36','2016-01-19 04:15:36'),(184,87,8615,1,1,'2016-01-19 04:15:36','2016-01-19 04:15:36'),(185,87,8662,0,1,'2016-01-19 04:15:36','2016-01-19 04:15:36'),(186,88,3390,1,1,'2016-01-19 04:15:36','2016-01-19 04:15:36'),(187,89,5531,1,1,'2016-01-19 04:15:36','2016-01-19 04:15:36'),(188,89,7246,0,1,'2016-01-19 04:15:36','2016-01-19 04:15:36'),(189,89,3195,0,1,'2016-01-19 04:15:36','2016-01-19 04:15:36'),(190,90,8200,1,1,'2016-01-19 04:15:36','2016-01-19 04:15:36'),(191,90,3032,0,1,'2016-01-19 04:15:36','2016-01-19 04:15:36'),(192,90,6480,0,1,'2016-01-19 04:15:36','2016-01-19 04:15:36'),(193,91,2057,1,1,'2016-01-19 04:15:36','2016-01-19 04:15:36'),(194,92,5466,1,1,'2016-01-19 04:15:36','2016-01-19 04:15:36'),(195,92,4272,0,1,'2016-01-19 04:15:36','2016-01-19 04:15:36'),(196,93,5682,1,1,'2016-01-19 04:15:36','2016-01-19 04:15:36'),(197,93,4986,0,1,'2016-01-19 04:15:36','2016-01-19 04:15:36'),(198,93,3893,0,1,'2016-01-19 04:15:36','2016-01-19 04:15:36'),(199,94,7338,1,1,'2016-01-19 04:15:36','2016-01-19 04:15:36'),(200,95,8927,1,1,'2016-01-19 04:15:36','2016-01-19 04:15:36'),(201,96,1083,1,1,'2016-01-19 04:15:36','2016-01-19 04:15:36'),(202,97,3210,1,1,'2016-01-19 04:15:36','2016-01-19 04:15:36'),(203,97,5301,0,1,'2016-01-19 04:15:36','2016-01-19 04:15:36'),(204,97,5049,0,1,'2016-01-19 04:15:36','2016-01-19 04:15:36'),(205,98,5850,1,1,'2016-01-19 04:15:36','2016-01-19 04:15:36'),(206,99,3683,1,1,'2016-01-19 04:15:36','2016-01-19 04:15:36'),(207,99,4214,0,1,'2016-01-19 04:15:36','2016-01-19 04:15:36'),(208,99,4545,0,1,'2016-01-19 04:15:36','2016-01-19 04:15:36'),(209,100,6486,1,1,'2016-01-19 04:15:36','2016-01-19 04:15:36'),(210,101,7985,1,1,'2016-01-19 04:15:36','2016-01-19 04:15:36'),(211,101,2693,0,1,'2016-01-19 04:15:36','2016-01-19 04:15:36'),(212,101,5711,0,1,'2016-01-19 04:15:36','2016-01-19 04:15:36'),(213,102,1160,1,1,'2016-01-19 04:15:36','2016-01-19 04:15:36'),(214,103,4028,1,1,'2016-01-19 04:15:36','2016-01-19 04:15:36'),(215,103,2587,0,1,'2016-01-19 04:15:36','2016-01-19 04:15:36'),(216,104,6418,1,1,'2016-01-19 04:15:36','2016-01-19 04:15:36'),(217,104,6525,0,1,'2016-01-19 04:15:36','2016-01-19 04:15:36'),(218,105,1662,1,1,'2016-01-19 04:15:36','2016-01-19 04:15:36'),(219,106,4856,1,1,'2016-01-19 04:15:36','2016-01-19 04:15:36'),(220,107,4233,1,1,'2016-01-19 04:15:36','2016-01-19 04:15:36'),(221,108,4926,1,1,'2016-01-19 04:15:36','2016-01-19 04:15:36'),(222,108,2247,0,1,'2016-01-19 04:15:36','2016-01-19 04:15:36'),(223,109,2093,1,1,'2016-01-19 04:15:36','2016-01-19 04:15:36'),(224,109,1040,0,1,'2016-01-19 04:15:37','2016-01-19 04:15:37'),(225,110,4432,1,1,'2016-01-19 04:15:37','2016-01-19 04:15:37'),(226,110,8928,0,1,'2016-01-19 04:15:37','2016-01-19 04:15:37'),(227,110,6421,0,1,'2016-01-19 04:15:37','2016-01-19 04:15:37'),(228,111,6080,1,1,'2016-01-19 04:15:37','2016-01-19 04:15:37'),(229,112,3734,1,1,'2016-01-19 04:15:37','2016-01-19 04:15:37'),(230,112,8902,0,1,'2016-01-19 04:15:37','2016-01-19 04:15:37'),(231,112,8673,0,1,'2016-01-19 04:15:37','2016-01-19 04:15:37'),(232,113,5237,1,1,'2016-01-19 04:15:37','2016-01-19 04:15:37'),(233,113,4696,0,1,'2016-01-19 04:15:37','2016-01-19 04:15:37'),(234,113,1719,0,1,'2016-01-19 04:15:37','2016-01-19 04:15:37'),(235,114,1085,1,1,'2016-01-19 04:15:37','2016-01-19 04:15:37'),(236,114,4753,0,1,'2016-01-19 04:15:37','2016-01-19 04:15:37'),(237,115,4751,1,1,'2016-01-19 04:15:37','2016-01-19 04:15:37'),(238,115,5560,0,1,'2016-01-19 04:15:37','2016-01-19 04:15:37'),(239,116,8615,1,1,'2016-01-19 04:15:37','2016-01-19 04:15:37'),(240,116,5726,0,1,'2016-01-19 04:15:37','2016-01-19 04:15:37'),(241,117,4192,1,1,'2016-01-19 04:15:37','2016-01-19 04:15:37'),(242,117,3014,0,1,'2016-01-19 04:15:37','2016-01-19 04:15:37'),(243,118,7695,1,1,'2016-01-19 04:15:37','2016-01-19 04:15:37'),(244,119,7667,1,1,'2016-01-19 04:15:37','2016-01-19 04:15:37'),(245,119,8559,0,1,'2016-01-19 04:15:37','2016-01-19 04:15:37'),(246,119,6211,0,1,'2016-01-19 04:15:37','2016-01-19 04:15:37'),(247,120,5651,1,1,'2016-01-19 04:15:37','2016-01-19 04:15:37'),(248,120,6792,0,1,'2016-01-19 04:15:37','2016-01-19 04:15:37'),(249,121,6619,1,1,'2016-01-19 04:15:37','2016-01-19 04:15:37'),(250,121,5810,0,1,'2016-01-19 04:15:37','2016-01-19 04:15:37'),(251,121,3953,0,1,'2016-01-19 04:15:37','2016-01-19 04:15:37'),(252,122,6476,1,1,'2016-01-19 04:15:37','2016-01-19 04:15:37'),(253,122,5275,0,1,'2016-01-19 04:15:37','2016-01-19 04:15:37'),(254,122,2500,0,1,'2016-01-19 04:15:37','2016-01-19 04:15:37'),(255,123,6663,1,1,'2016-01-19 04:15:37','2016-01-19 04:15:37'),(256,124,4771,1,1,'2016-01-19 04:15:37','2016-01-19 04:15:37'),(257,124,6156,0,1,'2016-01-19 04:15:37','2016-01-19 04:15:37'),(258,125,4481,1,1,'2016-01-19 04:15:37','2016-01-19 04:15:37'),(259,125,5543,0,1,'2016-01-19 04:15:37','2016-01-19 04:15:37'),(260,125,6534,0,1,'2016-01-19 04:15:37','2016-01-19 04:15:37'),(261,126,2401,1,1,'2016-01-19 04:15:37','2016-01-19 04:15:37'),(262,126,5567,0,1,'2016-01-19 04:15:37','2016-01-19 04:15:37'),(263,127,8812,1,1,'2016-01-19 04:15:37','2016-01-19 04:15:37'),(264,127,3867,0,1,'2016-01-19 04:15:37','2016-01-19 04:15:37'),(265,127,2418,0,1,'2016-01-19 04:15:37','2016-01-19 04:15:37'),(266,128,3481,1,1,'2016-01-19 04:15:37','2016-01-19 04:15:37'),(267,128,8417,0,1,'2016-01-19 04:15:37','2016-01-19 04:15:37'),(268,128,5270,0,1,'2016-01-19 04:15:37','2016-01-19 04:15:37'),(269,129,6182,1,1,'2016-01-19 04:15:37','2016-01-19 04:15:37'),(270,129,1362,0,1,'2016-01-19 04:15:37','2016-01-19 04:15:37'),(271,130,8769,1,1,'2016-01-19 04:15:37','2016-01-19 04:15:37'),(272,130,7481,0,1,'2016-01-19 04:15:37','2016-01-19 04:15:37'),(273,131,1189,1,1,'2016-01-19 04:15:37','2016-01-19 04:15:37'),(274,132,2796,1,1,'2016-01-19 04:15:37','2016-01-19 04:15:37'),(275,133,3042,1,1,'2016-01-19 04:15:37','2016-01-19 04:15:37'),(276,133,2835,0,1,'2016-01-19 04:15:37','2016-01-19 04:15:37'),(277,133,8909,0,1,'2016-01-19 04:15:37','2016-01-19 04:15:37'),(278,134,4728,1,1,'2016-01-19 04:15:37','2016-01-19 04:15:37'),(279,134,7241,0,1,'2016-01-19 04:15:37','2016-01-19 04:15:37'),(280,135,6425,1,1,'2016-01-19 04:15:37','2016-01-19 04:15:37'),(281,135,3274,0,1,'2016-01-19 04:15:37','2016-01-19 04:15:37'),(282,136,1398,1,1,'2016-01-19 04:15:37','2016-01-19 04:15:37'),(283,136,3624,0,1,'2016-01-19 04:15:37','2016-01-19 04:15:37'),(284,136,4235,0,1,'2016-01-19 04:15:37','2016-01-19 04:15:37'),(285,137,7063,1,1,'2016-01-19 04:15:37','2016-01-19 04:15:37'),(286,137,8482,0,1,'2016-01-19 04:15:37','2016-01-19 04:15:37'),(287,137,2909,0,1,'2016-01-19 04:15:37','2016-01-19 04:15:37'),(288,138,2480,1,1,'2016-01-19 04:15:37','2016-01-19 04:15:37'),(289,138,6532,0,1,'2016-01-19 04:15:37','2016-01-19 04:15:37'),(290,139,8139,1,1,'2016-01-19 04:15:37','2016-01-19 04:15:37'),(291,139,7139,0,1,'2016-01-19 04:15:37','2016-01-19 04:15:37'),(292,140,3328,1,1,'2016-01-19 04:15:37','2016-01-19 04:15:37'),(293,141,1771,1,1,'2016-01-19 04:15:37','2016-01-19 04:15:37'),(294,141,3077,0,1,'2016-01-19 04:15:37','2016-01-19 04:15:37'),(295,142,7837,1,1,'2016-01-19 04:15:37','2016-01-19 04:15:37'),(296,142,6601,0,1,'2016-01-19 04:15:37','2016-01-19 04:15:37'),(297,143,7220,1,1,'2016-01-19 04:15:37','2016-01-19 04:15:37'),(298,144,6574,1,1,'2016-01-19 04:15:37','2016-01-19 04:15:37'),(299,144,4395,0,1,'2016-01-19 04:15:37','2016-01-19 04:15:37'),(300,145,4367,1,1,'2016-01-19 04:15:37','2016-01-19 04:15:37'),(301,146,7868,1,1,'2016-01-19 04:15:37','2016-01-19 04:15:37'),(302,146,8871,0,1,'2016-01-19 04:15:37','2016-01-19 04:15:37'),(303,146,5726,0,1,'2016-01-19 04:15:37','2016-01-19 04:15:37'),(304,147,5882,1,1,'2016-01-19 04:15:37','2016-01-19 04:15:37'),(305,147,4035,0,1,'2016-01-19 04:15:37','2016-01-19 04:15:37'),(306,147,6701,0,1,'2016-01-19 04:15:37','2016-01-19 04:15:37'),(307,148,8873,1,1,'2016-01-19 04:15:37','2016-01-19 04:15:37'),(308,148,1821,0,1,'2016-01-19 04:15:37','2016-01-19 04:15:37'),(309,149,4860,1,1,'2016-01-19 04:15:37','2016-01-19 04:15:37'),(310,149,8720,0,1,'2016-01-19 04:15:38','2016-01-19 04:15:38'),(311,149,7617,0,1,'2016-01-19 04:15:38','2016-01-19 04:15:38'),(312,150,1160,1,1,'2016-01-19 04:15:38','2016-01-19 04:15:38'),(313,150,3999,0,1,'2016-01-19 04:15:38','2016-01-19 04:15:38'),(314,150,1580,0,1,'2016-01-19 04:15:38','2016-01-19 04:15:38'),(315,151,7653,1,1,'2016-01-19 04:15:38','2016-01-19 04:15:38'),(316,152,6245,1,1,'2016-01-19 04:15:38','2016-01-19 04:15:38'),(317,152,6170,0,1,'2016-01-19 04:15:38','2016-01-19 04:15:38'),(318,152,2676,0,1,'2016-01-19 04:15:38','2016-01-19 04:15:38'),(319,153,2225,1,1,'2016-01-19 04:15:38','2016-01-19 04:15:38'),(320,153,3987,0,1,'2016-01-19 04:15:38','2016-01-19 04:15:38'),(321,154,1949,1,1,'2016-01-19 04:15:38','2016-01-19 04:15:38'),(322,155,5796,1,1,'2016-01-19 04:15:38','2016-01-19 04:15:38'),(323,155,3411,0,1,'2016-01-19 04:15:38','2016-01-19 04:15:38'),(324,156,5889,1,1,'2016-01-19 04:15:38','2016-01-19 04:15:38'),(325,156,4759,0,1,'2016-01-19 04:15:38','2016-01-19 04:15:38'),(326,157,4860,1,1,'2016-01-19 04:15:38','2016-01-19 04:15:38'),(327,157,8743,0,1,'2016-01-19 04:15:38','2016-01-19 04:15:38'),(328,158,6863,1,1,'2016-01-19 04:15:38','2016-01-19 04:15:38'),(329,159,1657,1,1,'2016-01-19 04:15:38','2016-01-19 04:15:38'),(330,160,3334,1,1,'2016-01-19 04:15:38','2016-01-19 04:15:38'),(331,160,7042,0,1,'2016-01-19 04:15:38','2016-01-19 04:15:38'),(332,160,3321,0,1,'2016-01-19 04:15:38','2016-01-19 04:15:38'),(333,161,6274,1,1,'2016-01-19 04:15:38','2016-01-19 04:15:38'),(334,161,8406,0,1,'2016-01-19 04:15:38','2016-01-19 04:15:38'),(335,161,6015,0,1,'2016-01-19 04:15:38','2016-01-19 04:15:38'),(336,162,3370,1,1,'2016-01-19 04:15:38','2016-01-19 04:15:38'),(337,163,4993,1,1,'2016-01-19 04:15:38','2016-01-19 04:15:38'),(338,163,6037,0,1,'2016-01-19 04:15:38','2016-01-19 04:15:38'),(339,163,8955,0,1,'2016-01-19 04:15:38','2016-01-19 04:15:38'),(340,164,1137,1,1,'2016-01-19 04:15:38','2016-01-19 04:15:38'),(341,164,3838,0,1,'2016-01-19 04:15:38','2016-01-19 04:15:38'),(342,165,5154,1,1,'2016-01-19 04:15:38','2016-01-19 04:15:38'),(343,165,8655,0,1,'2016-01-19 04:15:38','2016-01-19 04:15:38'),(344,165,7008,0,1,'2016-01-19 04:15:38','2016-01-19 04:15:38'),(345,166,6349,1,1,'2016-01-19 04:15:38','2016-01-19 04:15:38'),(346,166,3510,0,1,'2016-01-19 04:15:38','2016-01-19 04:15:38'),(347,167,7231,1,1,'2016-01-19 04:15:38','2016-01-19 04:15:38'),(348,167,4594,0,1,'2016-01-19 04:15:38','2016-01-19 04:15:38'),(349,168,5642,1,1,'2016-01-19 04:15:38','2016-01-19 04:15:38'),(350,168,2315,0,1,'2016-01-19 04:15:38','2016-01-19 04:15:38'),(351,169,6689,1,1,'2016-01-19 04:15:38','2016-01-19 04:15:38'),(352,169,3910,0,1,'2016-01-19 04:15:38','2016-01-19 04:15:38'),(353,169,5516,0,1,'2016-01-19 04:15:38','2016-01-19 04:15:38'),(354,170,3093,1,1,'2016-01-19 04:15:38','2016-01-19 04:15:38'),(355,170,2142,0,1,'2016-01-19 04:15:38','2016-01-19 04:15:38'),(356,170,6445,0,1,'2016-01-19 04:15:38','2016-01-19 04:15:38'),(357,171,6819,1,1,'2016-01-19 04:15:38','2016-01-19 04:15:38'),(358,171,4179,0,1,'2016-01-19 04:15:38','2016-01-19 04:15:38'),(359,171,1316,0,1,'2016-01-19 04:15:38','2016-01-19 04:15:38'),(360,172,6483,1,1,'2016-01-19 04:15:38','2016-01-19 04:15:38'),(361,172,6815,0,1,'2016-01-19 04:15:38','2016-01-19 04:15:38'),(362,173,6990,1,1,'2016-01-19 04:15:38','2016-01-19 04:15:38'),(363,173,2929,0,1,'2016-01-19 04:15:38','2016-01-19 04:15:38'),(364,174,7317,1,1,'2016-01-19 04:15:38','2016-01-19 04:15:38'),(365,174,2091,0,1,'2016-01-19 04:15:38','2016-01-19 04:15:38'),(366,174,2405,0,1,'2016-01-19 04:15:38','2016-01-19 04:15:38'),(367,175,4463,1,1,'2016-01-19 04:15:38','2016-01-19 04:15:38'),(368,175,5524,0,1,'2016-01-19 04:15:38','2016-01-19 04:15:38'),(369,175,8880,0,1,'2016-01-19 04:15:38','2016-01-19 04:15:38'),(370,176,6693,1,1,'2016-01-19 04:15:38','2016-01-19 04:15:38'),(371,176,5690,0,1,'2016-01-19 04:15:38','2016-01-19 04:15:38'),(372,176,8644,0,1,'2016-01-19 04:15:38','2016-01-19 04:15:38'),(373,177,5322,1,1,'2016-01-19 04:15:38','2016-01-19 04:15:38'),(374,177,6569,0,1,'2016-01-19 04:15:38','2016-01-19 04:15:38'),(375,178,6092,1,1,'2016-01-19 04:15:38','2016-01-19 04:15:38'),(376,178,3908,0,1,'2016-01-19 04:15:38','2016-01-19 04:15:38'),(377,178,8598,0,1,'2016-01-19 04:15:38','2016-01-19 04:15:38'),(378,179,8439,1,1,'2016-01-19 04:15:38','2016-01-19 04:15:38'),(379,180,6122,1,1,'2016-01-19 04:15:38','2016-01-19 04:15:38'),(380,180,1884,0,1,'2016-01-19 04:15:38','2016-01-19 04:15:38'),(381,181,4983,1,1,'2016-01-19 04:15:38','2016-01-19 04:15:38'),(382,181,7148,0,1,'2016-01-19 04:15:38','2016-01-19 04:15:38'),(383,182,1839,1,1,'2016-01-19 04:15:38','2016-01-19 04:15:38'),(384,183,7333,1,1,'2016-01-19 04:15:38','2016-01-19 04:15:38'),(385,184,5194,1,1,'2016-01-19 04:15:38','2016-01-19 04:15:38'),(386,185,4102,1,1,'2016-01-19 04:15:38','2016-01-19 04:15:38'),(387,185,5148,0,1,'2016-01-19 04:15:38','2016-01-19 04:15:38'),(388,186,3922,1,1,'2016-01-19 04:15:38','2016-01-19 04:15:38'),(389,186,6524,0,1,'2016-01-19 04:15:38','2016-01-19 04:15:38'),(390,187,3334,1,1,'2016-01-19 04:15:38','2016-01-19 04:15:38'),(391,187,3839,0,1,'2016-01-19 04:15:38','2016-01-19 04:15:38'),(392,188,7896,1,1,'2016-01-19 04:15:38','2016-01-19 04:15:38'),(393,188,7333,0,1,'2016-01-19 04:15:38','2016-01-19 04:15:38'),(394,188,5804,0,1,'2016-01-19 04:15:38','2016-01-19 04:15:38'),(395,189,8031,1,1,'2016-01-19 04:15:38','2016-01-19 04:15:38'),(396,189,1151,0,1,'2016-01-19 04:15:38','2016-01-19 04:15:38'),(397,190,6886,1,1,'2016-01-19 04:15:38','2016-01-19 04:15:38'),(398,190,2727,0,1,'2016-01-19 04:15:38','2016-01-19 04:15:38'),(399,191,3737,1,1,'2016-01-19 04:15:38','2016-01-19 04:15:38'),(400,191,5797,0,1,'2016-01-19 04:15:39','2016-01-19 04:15:39'),(401,192,6243,1,1,'2016-01-19 04:15:39','2016-01-19 04:15:39'),(402,192,6103,0,1,'2016-01-19 04:15:39','2016-01-19 04:15:39'),(403,193,1120,1,1,'2016-01-19 04:15:39','2016-01-19 04:15:39'),(404,193,3542,0,1,'2016-01-19 04:15:39','2016-01-19 04:15:39'),(405,193,5858,0,1,'2016-01-19 04:15:39','2016-01-19 04:15:39'),(406,194,3461,1,1,'2016-01-19 04:15:39','2016-01-19 04:15:39'),(407,194,5976,0,1,'2016-01-19 04:15:39','2016-01-19 04:15:39'),(408,195,2110,1,1,'2016-01-19 04:15:39','2016-01-19 04:15:39'),(409,196,4641,1,1,'2016-01-19 04:15:39','2016-01-19 04:15:39'),(410,196,7491,0,1,'2016-01-19 04:15:39','2016-01-19 04:15:39'),(411,196,1640,0,1,'2016-01-19 04:15:39','2016-01-19 04:15:39'),(412,197,7451,1,1,'2016-01-19 04:15:39','2016-01-19 04:15:39'),(413,197,3697,0,1,'2016-01-19 04:15:39','2016-01-19 04:15:39'),(414,197,8088,0,1,'2016-01-19 04:15:39','2016-01-19 04:15:39'),(415,198,8305,1,1,'2016-01-19 04:15:39','2016-01-19 04:15:39'),(416,198,2492,0,1,'2016-01-19 04:15:39','2016-01-19 04:15:39'),(417,199,7030,1,1,'2016-01-19 04:15:39','2016-01-19 04:15:39'),(418,200,6694,1,1,'2016-01-19 04:15:39','2016-01-19 04:15:39'),(419,200,6095,0,1,'2016-01-19 04:15:39','2016-01-19 04:15:39'),(420,200,4511,0,1,'2016-01-19 04:15:39','2016-01-19 04:15:39'),(421,201,4317,1,1,'2016-01-19 04:15:39','2016-01-19 04:15:39'),(422,201,6635,0,1,'2016-01-19 04:15:39','2016-01-19 04:15:39'),(423,202,7185,1,1,'2016-01-19 04:15:39','2016-01-19 04:15:39'),(424,203,6457,1,1,'2016-01-19 04:15:39','2016-01-19 04:15:39'),(425,204,8177,1,1,'2016-01-19 04:15:39','2016-01-19 04:15:39'),(426,205,3669,1,1,'2016-01-19 04:15:39','2016-01-19 04:15:39'),(427,206,3318,1,1,'2016-01-19 04:15:39','2016-01-19 04:15:39'),(428,207,6322,1,1,'2016-01-19 04:15:39','2016-01-19 04:15:39'),(429,207,3604,0,1,'2016-01-19 04:15:39','2016-01-19 04:15:39'),(430,207,7734,0,1,'2016-01-19 04:15:39','2016-01-19 04:15:39'),(431,208,2186,1,1,'2016-01-19 04:15:39','2016-01-19 04:15:39'),(432,208,7805,0,1,'2016-01-19 04:15:39','2016-01-19 04:15:39'),(433,208,8476,0,1,'2016-01-19 04:15:39','2016-01-19 04:15:39'),(434,209,2673,1,1,'2016-01-19 04:15:39','2016-01-19 04:15:39'),(435,210,5248,1,1,'2016-01-19 04:15:39','2016-01-19 04:15:39'),(436,210,1707,0,1,'2016-01-19 04:15:39','2016-01-19 04:15:39'),(437,210,2468,0,1,'2016-01-19 04:15:39','2016-01-19 04:15:39'),(438,211,7125,1,1,'2016-01-19 04:15:39','2016-01-19 04:15:39'),(439,212,4152,1,1,'2016-01-19 04:15:39','2016-01-19 04:15:39'),(440,212,8284,0,1,'2016-01-19 04:15:39','2016-01-19 04:15:39'),(441,212,7002,0,1,'2016-01-19 04:15:39','2016-01-19 04:15:39'),(442,213,4368,1,1,'2016-01-19 04:15:39','2016-01-19 04:15:39'),(443,214,5448,1,1,'2016-01-19 04:15:39','2016-01-19 04:15:39'),(444,215,5611,1,1,'2016-01-19 04:15:39','2016-01-19 04:15:39'),(445,215,3403,0,1,'2016-01-19 04:15:39','2016-01-19 04:15:39'),(446,215,4357,0,1,'2016-01-19 04:15:39','2016-01-19 04:15:39'),(447,216,6326,1,1,'2016-01-19 04:15:39','2016-01-19 04:15:39'),(448,216,5910,0,1,'2016-01-19 04:15:39','2016-01-19 04:15:39'),(449,216,6532,0,1,'2016-01-19 04:15:39','2016-01-19 04:15:39'),(450,217,5046,1,1,'2016-01-19 04:15:39','2016-01-19 04:15:39'),(451,217,2260,0,1,'2016-01-19 04:15:39','2016-01-19 04:15:39'),(452,217,5559,0,1,'2016-01-19 04:15:39','2016-01-19 04:15:39'),(453,218,6013,1,1,'2016-01-19 04:15:39','2016-01-19 04:15:39'),(454,219,6740,1,1,'2016-01-19 04:15:39','2016-01-19 04:15:39'),(455,219,1594,0,1,'2016-01-19 04:15:39','2016-01-19 04:15:39'),(456,220,6749,1,1,'2016-01-19 04:15:39','2016-01-19 04:15:39'),(457,220,2303,0,1,'2016-01-19 04:15:39','2016-01-19 04:15:39'),(458,221,8997,1,1,'2016-01-19 04:15:39','2016-01-19 04:15:39'),(459,221,6404,0,1,'2016-01-19 04:15:39','2016-01-19 04:15:39'),(460,221,5185,0,1,'2016-01-19 04:15:39','2016-01-19 04:15:39'),(461,222,8346,1,1,'2016-01-19 04:15:39','2016-01-19 04:15:39'),(462,223,2512,1,1,'2016-01-19 04:15:39','2016-01-19 04:15:39'),(463,223,3440,0,1,'2016-01-19 04:15:39','2016-01-19 04:15:39'),(464,223,1998,0,1,'2016-01-19 04:15:39','2016-01-19 04:15:39'),(465,224,3417,1,1,'2016-01-19 04:15:39','2016-01-19 04:15:39'),(466,224,5351,0,1,'2016-01-19 04:15:39','2016-01-19 04:15:39'),(467,224,2496,0,1,'2016-01-19 04:15:39','2016-01-19 04:15:39'),(468,225,3987,1,1,'2016-01-19 04:15:39','2016-01-19 04:15:39'),(469,225,1492,0,1,'2016-01-19 04:15:39','2016-01-19 04:15:39'),(470,226,5082,1,1,'2016-01-19 04:15:39','2016-01-19 04:15:39'),(471,226,6358,0,1,'2016-01-19 04:15:39','2016-01-19 04:15:39'),(472,226,8444,0,1,'2016-01-19 04:15:39','2016-01-19 04:15:39'),(473,227,5893,1,1,'2016-01-19 04:15:39','2016-01-19 04:15:39'),(474,227,3787,0,1,'2016-01-19 04:15:39','2016-01-19 04:15:39'),(475,228,4473,1,1,'2016-01-19 04:15:39','2016-01-19 04:15:39'),(476,228,3238,0,1,'2016-01-19 04:15:39','2016-01-19 04:15:39'),(477,229,3552,1,1,'2016-01-19 04:15:39','2016-01-19 04:15:39'),(478,229,3303,0,1,'2016-01-19 04:15:39','2016-01-19 04:15:39'),(479,230,5022,1,1,'2016-01-19 04:15:39','2016-01-19 04:15:39'),(480,230,5408,0,1,'2016-01-19 04:15:39','2016-01-19 04:15:39'),(481,230,8505,0,1,'2016-01-19 04:15:39','2016-01-19 04:15:39'),(482,231,6255,1,1,'2016-01-19 04:15:39','2016-01-19 04:15:39'),(483,232,8157,1,1,'2016-01-19 04:15:39','2016-01-19 04:15:39'),(484,232,2220,0,1,'2016-01-19 04:15:40','2016-01-19 04:15:40'),(485,232,5571,0,1,'2016-01-19 04:15:40','2016-01-19 04:15:40'),(486,233,4646,1,1,'2016-01-19 04:15:40','2016-01-19 04:15:40'),(487,233,1756,0,1,'2016-01-19 04:15:40','2016-01-19 04:15:40'),(488,233,8531,0,1,'2016-01-19 04:15:40','2016-01-19 04:15:40'),(489,234,6002,1,1,'2016-01-19 04:15:40','2016-01-19 04:15:40'),(490,234,2176,0,1,'2016-01-19 04:15:40','2016-01-19 04:15:40'),(491,235,7400,1,1,'2016-01-19 04:15:40','2016-01-19 04:15:40'),(492,235,8001,0,1,'2016-01-19 04:15:40','2016-01-19 04:15:40'),(493,235,1674,0,1,'2016-01-19 04:15:40','2016-01-19 04:15:40'),(494,236,1919,1,1,'2016-01-19 04:15:40','2016-01-19 04:15:40'),(495,237,6763,1,1,'2016-01-19 04:15:40','2016-01-19 04:15:40'),(496,237,8269,0,1,'2016-01-19 04:15:40','2016-01-19 04:15:40'),(497,237,6766,0,1,'2016-01-19 04:15:40','2016-01-19 04:15:40'),(498,238,2613,1,1,'2016-01-19 04:15:40','2016-01-19 04:15:40'),(499,238,7224,0,1,'2016-01-19 04:15:40','2016-01-19 04:15:40'),(500,238,4849,0,1,'2016-01-19 04:15:40','2016-01-19 04:15:40'),(501,239,4197,1,1,'2016-01-19 04:15:40','2016-01-19 04:15:40'),(502,239,3774,0,1,'2016-01-19 04:15:40','2016-01-19 04:15:40'),(503,239,2902,0,1,'2016-01-19 04:15:40','2016-01-19 04:15:40'),(504,240,3697,1,1,'2016-01-19 04:15:40','2016-01-19 04:15:40'),(505,241,8416,1,1,'2016-01-19 04:15:40','2016-01-19 04:15:40'),(506,241,5195,0,1,'2016-01-19 04:15:40','2016-01-19 04:15:40'),(507,241,5011,0,1,'2016-01-19 04:15:40','2016-01-19 04:15:40'),(508,242,2390,1,1,'2016-01-19 04:15:40','2016-01-19 04:15:40'),(509,242,4846,0,1,'2016-01-19 04:15:40','2016-01-19 04:15:40'),(510,242,4430,0,1,'2016-01-19 04:15:40','2016-01-19 04:15:40'),(511,243,6628,1,1,'2016-01-19 04:15:40','2016-01-19 04:15:40'),(512,243,3426,0,1,'2016-01-19 04:15:40','2016-01-19 04:15:40'),(513,243,6618,0,1,'2016-01-19 04:15:40','2016-01-19 04:15:40'),(514,244,5908,1,1,'2016-01-19 04:15:40','2016-01-19 04:15:40'),(515,245,4016,1,1,'2016-01-19 04:15:40','2016-01-19 04:15:40'),(516,246,5485,1,1,'2016-01-19 04:15:40','2016-01-19 04:15:40'),(517,246,3500,0,1,'2016-01-19 04:15:40','2016-01-19 04:15:40'),(518,247,5053,1,1,'2016-01-19 04:15:40','2016-01-19 04:15:40'),(519,247,3692,0,1,'2016-01-19 04:15:40','2016-01-19 04:15:40'),(520,247,6323,0,1,'2016-01-19 04:15:40','2016-01-19 04:15:40'),(521,248,7627,1,1,'2016-01-19 04:15:40','2016-01-19 04:15:40'),(522,248,4214,0,1,'2016-01-19 04:15:40','2016-01-19 04:15:40'),(523,248,7456,0,1,'2016-01-19 04:15:40','2016-01-19 04:15:40'),(524,249,8761,1,1,'2016-01-19 04:15:40','2016-01-19 04:15:40'),(525,249,2711,0,1,'2016-01-19 04:15:40','2016-01-19 04:15:40'),(526,249,8326,0,1,'2016-01-19 04:15:40','2016-01-19 04:15:40'),(527,250,5018,1,1,'2016-01-19 04:15:40','2016-01-19 04:15:40'),(528,251,8753,1,1,'2016-01-19 04:15:40','2016-01-19 04:15:40'),(529,252,6290,1,1,'2016-01-19 04:15:40','2016-01-19 04:15:40'),(530,252,8005,0,1,'2016-01-19 04:15:40','2016-01-19 04:15:40'),(531,252,2047,0,1,'2016-01-19 04:15:40','2016-01-19 04:15:40'),(532,253,1819,1,1,'2016-01-19 04:15:40','2016-01-19 04:15:40'),(533,253,2926,0,1,'2016-01-19 04:15:40','2016-01-19 04:15:40'),(534,254,5316,1,1,'2016-01-19 04:15:40','2016-01-19 04:15:40'),(535,255,1737,1,1,'2016-01-19 04:15:40','2016-01-19 04:15:40'),(536,255,4481,0,1,'2016-01-19 04:15:40','2016-01-19 04:15:40'),(537,255,7254,0,1,'2016-01-19 04:15:40','2016-01-19 04:15:40'),(538,256,8682,1,1,'2016-01-19 04:15:40','2016-01-19 04:15:40'),(539,257,6624,1,1,'2016-01-19 04:15:40','2016-01-19 04:15:40'),(540,258,5433,1,1,'2016-01-19 04:15:40','2016-01-19 04:15:40'),(541,259,2735,1,1,'2016-01-19 04:15:40','2016-01-19 04:15:40'),(542,259,4694,0,1,'2016-01-19 04:15:40','2016-01-19 04:15:40'),(543,260,3837,1,1,'2016-01-19 04:15:40','2016-01-19 04:15:40'),(544,260,8181,0,1,'2016-01-19 04:15:40','2016-01-19 04:15:40'),(545,261,2087,1,1,'2016-01-19 04:15:40','2016-01-19 04:15:40'),(546,262,1222,1,1,'2016-01-19 04:15:40','2016-01-19 04:15:40'),(547,262,3983,0,1,'2016-01-19 04:15:40','2016-01-19 04:15:40'),(548,262,3279,0,1,'2016-01-19 04:15:40','2016-01-19 04:15:40'),(549,263,6082,1,1,'2016-01-19 04:15:40','2016-01-19 04:15:40'),(550,263,2806,0,1,'2016-01-19 04:15:40','2016-01-19 04:15:40'),(551,264,3112,1,1,'2016-01-19 04:15:40','2016-01-19 04:15:40'),(552,265,2760,1,1,'2016-01-19 04:15:40','2016-01-19 04:15:40'),(553,265,4869,0,1,'2016-01-19 04:15:40','2016-01-19 04:15:40'),(554,266,8411,1,1,'2016-01-19 04:15:40','2016-01-19 04:15:40'),(555,266,3911,0,1,'2016-01-19 04:15:40','2016-01-19 04:15:40'),(556,267,2156,1,1,'2016-01-19 04:15:40','2016-01-19 04:15:40'),(557,268,5763,1,1,'2016-01-19 04:15:40','2016-01-19 04:15:40'),(558,269,1714,1,1,'2016-01-19 04:15:40','2016-01-19 04:15:40'),(559,270,2156,1,1,'2016-01-19 04:15:40','2016-01-19 04:15:40'),(560,270,5784,0,1,'2016-01-19 04:15:40','2016-01-19 04:15:40'),(561,270,1854,0,1,'2016-01-19 04:15:41','2016-01-19 04:15:41'),(562,271,1361,1,1,'2016-01-19 04:15:41','2016-01-19 04:15:41'),(563,272,2496,1,1,'2016-01-19 04:15:41','2016-01-19 04:15:41'),(564,272,4463,0,1,'2016-01-19 04:15:41','2016-01-19 04:15:41'),(565,272,5808,0,1,'2016-01-19 04:15:41','2016-01-19 04:15:41'),(566,273,1626,1,1,'2016-01-19 04:15:41','2016-01-19 04:15:41'),(567,273,4678,0,1,'2016-01-19 04:15:41','2016-01-19 04:15:41'),(568,273,3307,0,1,'2016-01-19 04:15:41','2016-01-19 04:15:41'),(569,274,2560,1,1,'2016-01-19 04:15:41','2016-01-19 04:15:41'),(570,275,4265,1,1,'2016-01-19 04:15:41','2016-01-19 04:15:41'),(571,275,7206,0,1,'2016-01-19 04:15:41','2016-01-19 04:15:41'),(572,275,4322,0,1,'2016-01-19 04:15:41','2016-01-19 04:15:41'),(573,276,8880,1,1,'2016-01-19 04:15:41','2016-01-19 04:15:41'),(574,276,3610,0,1,'2016-01-19 04:15:41','2016-01-19 04:15:41'),(575,276,7740,0,1,'2016-01-19 04:15:41','2016-01-19 04:15:41'),(576,277,4029,1,1,'2016-01-19 04:15:41','2016-01-19 04:15:41'),(577,277,3083,0,1,'2016-01-19 04:15:41','2016-01-19 04:15:41'),(578,278,8742,1,1,'2016-01-19 04:15:41','2016-01-19 04:15:41'),(579,278,7566,0,1,'2016-01-19 04:15:41','2016-01-19 04:15:41'),(580,279,5740,1,1,'2016-01-19 04:15:41','2016-01-19 04:15:41'),(581,279,8599,0,1,'2016-01-19 04:15:41','2016-01-19 04:15:41'),(582,279,2922,0,1,'2016-01-19 04:15:41','2016-01-19 04:15:41'),(583,280,1927,1,1,'2016-01-19 04:15:41','2016-01-19 04:15:41'),(584,280,2037,0,1,'2016-01-19 04:15:41','2016-01-19 04:15:41'),(585,281,2714,1,1,'2016-01-19 04:15:41','2016-01-19 04:15:41'),(586,281,4275,0,1,'2016-01-19 04:15:41','2016-01-19 04:15:41'),(587,281,6579,0,1,'2016-01-19 04:15:41','2016-01-19 04:15:41'),(588,282,2889,1,1,'2016-01-19 04:15:41','2016-01-19 04:15:41'),(589,283,3283,1,1,'2016-01-19 04:15:41','2016-01-19 04:15:41'),(590,283,6239,0,1,'2016-01-19 04:15:41','2016-01-19 04:15:41'),(591,284,7501,1,1,'2016-01-19 04:15:41','2016-01-19 04:15:41'),(592,285,4247,1,1,'2016-01-19 04:15:41','2016-01-19 04:15:41'),(593,286,7758,1,1,'2016-01-19 04:15:41','2016-01-19 04:15:41'),(594,287,3122,1,1,'2016-01-19 04:15:41','2016-01-19 04:15:41'),(595,288,6144,1,1,'2016-01-19 04:15:41','2016-01-19 04:15:41'),(596,288,6603,0,1,'2016-01-19 04:15:41','2016-01-19 04:15:41'),(597,289,2545,1,1,'2016-01-19 04:15:41','2016-01-19 04:15:41'),(598,289,5488,0,1,'2016-01-19 04:15:41','2016-01-19 04:15:41'),(599,290,8562,1,1,'2016-01-19 04:15:41','2016-01-19 04:15:41'),(600,290,6162,0,1,'2016-01-19 04:15:41','2016-01-19 04:15:41'),(601,290,1225,0,1,'2016-01-19 04:15:41','2016-01-19 04:15:41'),(602,291,3526,1,1,'2016-01-19 04:15:41','2016-01-19 04:15:41'),(603,291,4609,0,1,'2016-01-19 04:15:41','2016-01-19 04:15:41'),(604,291,8575,0,1,'2016-01-19 04:15:41','2016-01-19 04:15:41'),(605,292,4221,1,1,'2016-01-19 04:15:41','2016-01-19 04:15:41'),(606,292,8950,0,1,'2016-01-19 04:15:41','2016-01-19 04:15:41'),(607,293,7364,1,1,'2016-01-19 04:15:41','2016-01-19 04:15:41'),(608,293,2889,0,1,'2016-01-19 04:15:41','2016-01-19 04:15:41'),(609,294,4593,1,1,'2016-01-19 04:15:41','2016-01-19 04:15:41'),(610,295,8720,1,1,'2016-01-19 04:15:41','2016-01-19 04:15:41'),(611,295,4915,0,1,'2016-01-19 04:15:41','2016-01-19 04:15:41'),(612,295,6713,0,1,'2016-01-19 04:15:41','2016-01-19 04:15:41'),(613,296,1995,1,1,'2016-01-19 04:15:41','2016-01-19 04:15:41'),(614,296,3469,0,1,'2016-01-19 04:15:41','2016-01-19 04:15:41'),(615,296,3809,0,1,'2016-01-19 04:15:41','2016-01-19 04:15:41'),(616,297,4991,1,1,'2016-01-19 04:15:41','2016-01-19 04:15:41'),(617,297,4878,0,1,'2016-01-19 04:15:41','2016-01-19 04:15:41'),(618,297,3232,0,1,'2016-01-19 04:15:41','2016-01-19 04:15:41'),(619,298,1070,1,1,'2016-01-19 04:15:41','2016-01-19 04:15:41'),(620,298,7891,0,1,'2016-01-19 04:15:41','2016-01-19 04:15:41'),(621,298,8763,0,1,'2016-01-19 04:15:41','2016-01-19 04:15:41'),(622,299,3802,1,1,'2016-01-19 04:15:41','2016-01-19 04:15:41'),(623,300,6154,1,1,'2016-01-19 04:15:41','2016-01-19 04:15:41'),(624,300,1119,0,1,'2016-01-19 04:15:41','2016-01-19 04:15:41'),(625,300,2210,0,1,'2016-01-19 04:15:41','2016-01-19 04:15:41'),(626,307,10000,1,0,'2016-01-27 17:07:19','2016-01-27 10:06:41'),(627,308,2000,1,0,'2016-01-28 15:24:38','2016-01-28 05:33:34'),(628,309,1234,1,0,'2016-01-28 15:24:36','2016-01-28 08:21:56'),(629,312,12345,1,1,'2016-01-28 08:27:16','2016-01-28 08:27:16'),(630,304,1000,0,1,'2016-01-28 16:10:39','2016-01-28 09:10:39'),(631,303,2000,1,1,'2016-01-28 08:55:37','2016-01-28 08:55:37'),(632,304,1500,0,1,'2016-01-28 16:10:39','2016-01-28 09:10:39'),(633,304,1550,1,1,'2016-01-28 09:10:39','2016-01-28 09:10:39');
/*!40000 ALTER TABLE `product_prices` ENABLE KEYS */;
UNLOCK TABLES;

--
-- Table structure for table `product_units`
--

DROP TABLE IF EXISTS `product_units`;
/*!40101 SET @saved_cs_client     = @@character_set_client */;
/*!40101 SET character_set_client = utf8 */;
CREATE TABLE `product_units` (
  `id` int(10) unsigned NOT NULL AUTO_INCREMENT,
  `name` varchar(255) COLLATE utf8_unicode_ci NOT NULL,
  `created_at` timestamp NOT NULL DEFAULT CURRENT_TIMESTAMP ON UPDATE CURRENT_TIMESTAMP,
  `updated_at` timestamp NOT NULL DEFAULT '0000-00-00 00:00:00',
  PRIMARY KEY (`id`)
) ENGINE=InnoDB AUTO_INCREMENT=9 DEFAULT CHARSET=utf8 COLLATE=utf8_unicode_ci;
/*!40101 SET character_set_client = @saved_cs_client */;

--
-- Dumping data for table `product_units`
--

LOCK TABLES `product_units` WRITE;
/*!40000 ALTER TABLE `product_units` DISABLE KEYS */;
INSERT INTO `product_units` VALUES (1,'Ci','2016-01-26 15:56:11','0000-00-00 00:00:00'),(2,'Chai','2016-01-26 15:56:11','0000-00-00 00:00:00'),(3,'Thi','2016-01-26 15:56:11','0000-00-00 00:00:00'),(4,'L','2016-01-26 15:56:11','0000-00-00 00:00:00'),(5,'H','2016-01-26 15:56:11','0000-00-00 00:00:00'),(6,'Gi','2016-01-26 15:56:11','0000-00-00 00:00:00'),(7,'Kin','2016-01-26 15:56:11','0000-00-00 00:00:00'),(8,'Thng','2016-01-26 15:56:11','0000-00-00 00:00:00');
/*!40000 ALTER TABLE `product_units` ENABLE KEYS */;
UNLOCK TABLES;

--
-- Table structure for table `products`
--

DROP TABLE IF EXISTS `products`;
/*!40101 SET @saved_cs_client     = @@character_set_client */;
/*!40101 SET character_set_client = utf8 */;
CREATE TABLE `products` (
  `id` int(10) unsigned NOT NULL AUTO_INCREMENT,
  `sku` varchar(255) COLLATE utf8_unicode_ci NOT NULL,
  `series` varchar(255) COLLATE utf8_unicode_ci NOT NULL,
  `name` varchar(255) COLLATE utf8_unicode_ci NOT NULL,
  `image` varchar(255) COLLATE utf8_unicode_ci NOT NULL,
  `description` varchar(255) COLLATE utf8_unicode_ci NOT NULL,
  `brand_id` int(10) unsigned NOT NULL,
  `stock_id` int(10) unsigned NOT NULL,
  `supplier_id` int(10) unsigned NOT NULL,
  `is_active` tinyint(1) NOT NULL,
  `unit_id` int(10) unsigned NOT NULL,
  `created_at` timestamp NOT NULL DEFAULT CURRENT_TIMESTAMP ON UPDATE CURRENT_TIMESTAMP,
  `updated_at` timestamp NOT NULL DEFAULT '0000-00-00 00:00:00',
  PRIMARY KEY (`id`)
) ENGINE=InnoDB AUTO_INCREMENT=313 DEFAULT CHARSET=utf8 COLLATE=utf8_unicode_ci;
/*!40101 SET character_set_client = @saved_cs_client */;

--
-- Dumping data for table `products`
--

LOCK TABLES `products` WRITE;
/*!40000 ALTER TABLE `products` DISABLE KEYS */;
INSERT INTO `products` VALUES (1,'123','1235-1234','San Pham 1','','Mo ta san pham',3,2,0,0,1,'2016-01-27 16:19:18','2016-01-16 09:08:37'),(2,'9924384399868','','Shayna Dickens','','Laborum aut autem adipisci quibusdam.',4,2,4,1,1,'2016-01-27 16:19:18','2016-01-17 02:08:08'),(3,'4644049550889','','Loyce Lakin','','Ut non voluptatum et vitae eos aspernatur.',2,2,2,1,1,'2016-01-27 16:18:21','2016-01-17 02:08:08'),(4,'5198794668263','','Michele Marks','','Aut eos illum ab voluptatem.',1,1,4,0,1,'2016-01-27 16:18:21','2016-01-17 02:08:08'),(5,'8926003651969','','Mrs. Nora Langosh','','Et numquam alias veritatis corporis voluptatem et.',2,1,3,0,1,'2016-01-27 16:19:18','2016-01-17 02:08:08'),(6,'6300505351718','','Mr. Erich McDermott PhD','','Officia rerum illum rerum blanditiis ad.',2,3,2,0,1,'2016-01-27 16:18:21','2016-01-17 02:08:08'),(7,'7291461726292','','General Cummerata','','Praesentium saepe eveniet repellendus ipsa expedita eum pariatur consequatur.',3,4,1,1,3,'2016-01-27 16:19:18','2016-01-17 02:08:08'),(8,'3289068151948','','Troy Abbott','','Minus delectus quo accusantium quo.',4,2,2,1,4,'2016-01-27 16:19:18','2016-01-17 02:08:08'),(9,'9107521382453','','Prof. Jarrett Hagenes','','Sit dolores iste enim quisquam quas ratione.',4,2,1,0,2,'2016-01-27 16:19:18','2016-01-17 02:08:08'),(10,'2662946776050','','Cristopher Toy','','Ut reprehenderit et vero aspernatur maiores culpa.',2,2,3,1,3,'2016-01-27 16:19:18','2016-01-17 02:08:08'),(11,'8206511462432','','Louie Rohan','','Nemo enim impedit nihil porro ut cumque aperiam dolore.',1,5,2,0,4,'2016-01-27 16:19:18','2016-01-17 02:08:08'),(12,'9754651308763','','Mercedes Rohan','','Voluptates quas magni et ex.',2,3,1,1,2,'2016-01-27 16:18:21','2016-01-17 02:08:08'),(13,'6559971248040','','Arch Yost','','Praesentium nihil non molestias iure.',3,4,3,1,4,'2016-01-27 16:19:18','2016-01-17 02:08:08'),(14,'9346755983115','','Fay Ritchie','','Cumque in placeat assumenda hic enim sunt.',3,2,4,0,4,'2016-01-27 16:19:18','2016-01-17 02:08:08'),(15,'6087093995592','','Elliott Paucek','','Odit totam occaecati eligendi sunt.',2,3,3,1,1,'2016-01-27 16:19:18','2016-01-17 02:08:08'),(16,'0588342067177','','Coralie Welch','','Necessitatibus quod et dolores esse esse alias dolores.',4,4,1,1,3,'2016-01-27 16:19:18','2016-01-17 02:08:08'),(17,'3016211607317','','Miss Viva Considine','','Mollitia id voluptatem illum et sit dolores.',3,4,3,0,1,'2016-01-27 16:19:18','2016-01-17 02:08:08'),(18,'1717919801350','','Hettie Considine','','Eum eaque est eveniet eaque adipisci tempora.',2,4,1,1,3,'2016-01-27 16:19:18','2016-01-17 02:08:08'),(19,'2242630733028','','Magnolia Padberg Sr.','','Placeat suscipit aut et qui minima qui quibusdam.',1,4,3,1,1,'2016-01-27 16:19:18','2016-01-17 02:08:08'),(20,'6206024520706','','Everardo Maggio','','Iure officiis qui id officia.',3,5,4,1,4,'2016-01-27 16:19:18','2016-01-17 02:08:08'),(21,'6667288833580','','Everett Kuhlman','','Qui molestiae maiores eaque nulla.',1,3,3,1,4,'2016-01-27 16:19:18','2016-01-17 02:08:08'),(22,'1487331727353','','Ms. Naomi Becker MD','','Facere ut atque rerum voluptas minima nulla.',2,4,2,0,4,'2016-01-27 16:19:18','2016-01-17 02:08:08'),(23,'0505165917564','','Mr. Jackson Daugherty','','Voluptatum iste non officiis similique modi.',1,2,4,1,1,'2016-01-27 16:19:18','2016-01-17 02:08:08'),(24,'0299355637898','','Prof. Amparo Trantow Jr.','','Deserunt deleniti qui vero est similique.',3,3,1,0,2,'2016-01-27 16:19:18','2016-01-17 02:08:08'),(25,'9656593340675','','Mellie Barton','','Qui assumenda et repellat voluptas ipsa omnis consequatur.',1,2,2,0,1,'2016-01-27 16:18:21','2016-01-17 02:08:08'),(26,'6991079589616','','Elda Bailey','','Hic ut optio aut et.',3,4,4,1,4,'2016-01-27 16:19:18','2016-01-17 02:08:08'),(27,'3011321363771','','Joana Gutkowski','','Rerum voluptatem occaecati perferendis a.',3,3,1,0,3,'2016-01-27 16:18:21','2016-01-17 02:08:08'),(28,'1323773662176','','Opal Labadie','','Occaecati saepe modi unde consequatur eos qui.',4,3,1,1,1,'2016-01-27 16:19:18','2016-01-17 02:08:08'),(29,'4591985512580','','Catalina King','','Delectus qui iure est debitis sapiente magni.',4,3,3,1,4,'2016-01-27 16:18:21','2016-01-17 02:08:08'),(30,'3260576186226','','Buford Gottlieb','','Quia distinctio consequatur fuga omnis eos.',2,4,2,1,3,'2016-01-27 16:19:18','2016-01-17 02:08:08'),(31,'8172847868562','','Aaliyah Heidenreich','','Eum aut non omnis repellendus.',4,3,2,0,2,'2016-01-27 16:19:18','2016-01-17 02:08:08'),(32,'2636168253156','','Dino McLaughlin','','Quo veritatis deserunt doloribus tenetur in.',1,3,2,0,1,'2016-01-27 16:17:53','2016-01-17 02:08:08'),(33,'2453391584921','','Lora Jaskolski PhD','','Deserunt consequatur officiis natus tempore.',3,2,1,0,4,'2016-01-27 16:19:18','2016-01-17 02:08:08'),(34,'2861485108258','','Thad Mann DVM','','Commodi unde labore eius perspiciatis.',3,4,4,1,3,'2016-01-27 16:19:18','2016-01-17 02:08:08'),(35,'8296074892401','','Ms. Erica Weissnat','','Exercitationem sunt est voluptas voluptatum nam.',3,1,3,0,2,'2016-01-27 16:19:18','2016-01-17 02:08:08'),(36,'8435541078560','','Prof. Kariane Harris','','Et qui nam iusto unde vero maxime est non.',3,3,3,0,1,'2016-01-27 16:19:18','2016-01-17 02:08:08'),(37,'6873306089710','','Miss Sienna Lueilwitz MD','','Sint sint a minima sit deserunt dolorum.',3,3,3,1,1,'2016-01-27 16:18:21','2016-01-17 02:08:08'),(38,'0293669916113','','Kariane West','','Quod exercitationem quo cum qui et ipsam.',2,3,4,0,2,'2016-01-27 16:19:18','2016-01-17 02:08:08'),(39,'7005770707015','','Rasheed Collier','','Dolor cumque voluptatem explicabo est impedit vitae tenetur.',1,2,3,0,1,'2016-01-27 16:18:21','2016-01-17 02:08:08'),(40,'4350383530349','','Dereck Rippin','','Alias consequatur et sed labore sed impedit.',2,4,4,1,2,'2016-01-27 16:19:18','2016-01-17 02:08:08'),(41,'9290283042731','','Dr. Moshe Casper I','','Sapiente rerum sapiente veniam fugit ut.',3,1,1,1,4,'2016-01-27 16:19:18','2016-01-17 02:08:08'),(42,'9088229338587','','Daija Dooley DDS','','Eos magni dicta quisquam et et.',4,4,3,0,2,'2016-01-27 16:19:18','2016-01-17 02:08:08'),(43,'5865352200110','','Charley Walker','','Est quo laborum aliquam ad magni consequuntur.',1,4,4,1,1,'2016-01-27 16:18:21','2016-01-17 02:08:08'),(44,'9549728240974','','Berenice Lehner','','Quae itaque nemo quo illo possimus porro vero.',2,4,1,1,2,'2016-01-27 16:19:18','2016-01-17 02:08:09'),(45,'1498959563797','','Tony Ortiz V','','Est aspernatur dolorem veritatis iusto.',4,2,1,1,2,'2016-01-27 16:19:18','2016-01-17 02:08:09'),(46,'6545674336559','','Jadyn Collier','','Ipsa id distinctio quis nihil quae.',4,5,4,0,2,'2016-01-27 16:18:21','2016-01-17 02:08:09'),(47,'2785249213685','','Ezequiel Hahn','','Adipisci nobis tempore dignissimos ut explicabo soluta consequatur.',4,1,2,1,2,'2016-01-27 16:19:18','2016-01-17 02:08:09'),(48,'4667922501761','','Dr. Bettie Grimes','','Delectus suscipit quaerat labore aut.',4,2,3,1,3,'2016-01-27 16:19:18','2016-01-17 02:08:09'),(49,'4682451116699','','Mrs. Carmella Prohaska','','Ullam impedit voluptas tempora commodi.',3,5,2,0,2,'2016-01-27 16:19:18','2016-01-17 02:08:09'),(50,'3783532180118','','Nyah Kutch III','','Iusto officia consequatur laboriosam nulla est similique quasi earum.',2,2,3,1,2,'2016-01-27 16:19:18','2016-01-17 02:08:09'),(51,'3688836306601','','Meda Schneider','','Error voluptas et corporis excepturi.',2,4,1,0,2,'2016-01-27 16:19:18','2016-01-17 02:08:09'),(52,'6965783859242','','Arlene Miller','','Sint quis aspernatur et deleniti illo.',1,4,3,0,2,'2016-01-27 16:19:18','2016-01-17 02:08:09'),(53,'2039668183785','','Schuyler Feeney PhD','','Repellat autem praesentium dolores quo eligendi eos nulla.',3,3,1,0,1,'2016-01-27 16:18:21','2016-01-17 02:08:09'),(54,'2145632027921','','Grover Brekke PhD','','Esse reprehenderit in id aut aliquid qui nisi.',2,4,1,1,1,'2016-01-27 16:19:18','2016-01-17 02:08:09'),(55,'2963156560942','','Dr. Ansley Little MD','','Commodi itaque ducimus optio beatae.',3,4,3,1,1,'2016-01-27 16:19:18','2016-01-17 02:08:09'),(56,'1592086629002','','Stephen Osinski','','Explicabo reiciendis sit cupiditate non voluptates pariatur.',1,5,2,0,4,'2016-01-27 16:18:21','2016-01-17 02:08:09'),(57,'3581710443969','','Brock Keeling','','Illum molestiae veniam aliquam.',2,3,3,0,3,'2016-01-27 16:19:18','2016-01-17 02:08:09'),(58,'0996923026985','','Timmy Runte Jr.','','Consequatur saepe reprehenderit illum quia eos soluta est.',1,1,3,0,4,'2016-01-27 16:19:18','2016-01-17 02:08:09'),(59,'6950333381779','','Emie Lind Sr.','','Autem porro odit minima consectetur in veritatis.',4,5,1,0,2,'2016-01-27 16:19:18','2016-01-17 02:08:09'),(60,'5108879240604','','Woodrow Cremin','','Unde omnis iste et aliquid voluptas itaque accusamus.',1,1,2,0,1,'2016-01-27 16:19:18','2016-01-17 02:08:09'),(61,'8302555428462','','Mckayla Rohan','','Provident autem asperiores minima asperiores molestias commodi rerum.',1,5,2,1,3,'2016-01-27 16:18:21','2016-01-17 02:08:09'),(62,'2635979826313','','Doyle Spencer','','Sed asperiores debitis ullam ratione aut quis.',3,1,3,0,1,'2016-01-27 16:19:18','2016-01-17 02:08:09'),(63,'3968895931328','','Prof. Cedrick Lockman I','','Quas veritatis placeat et libero.',3,3,1,1,4,'2016-01-27 16:18:21','2016-01-17 02:08:09'),(64,'1427233815482','','Russ Schoen','','Distinctio ut numquam dolore recusandae fugiat.',2,4,1,0,1,'2016-01-27 16:19:18','2016-01-17 02:08:09'),(65,'4511444852934','','Tess Bruen','','Deleniti qui aut aspernatur sit.',3,3,4,0,1,'2016-01-27 16:19:18','2016-01-17 02:08:09'),(66,'6858231416992','','Ms. Alysa Rodriguez','','Nesciunt veritatis aut soluta eos.',3,5,4,1,2,'2016-01-27 16:19:18','2016-01-17 02:08:09'),(67,'8296548273842','','Antonio Schaefer','','Sed sint impedit eius.',3,5,4,1,3,'2016-01-27 16:19:18','2016-01-17 02:08:09'),(68,'2292339980988','','Ryder Swaniawski','','Quod accusamus in odio consequuntur.',2,2,3,1,1,'2016-01-27 16:19:18','2016-01-17 02:08:09'),(69,'9847773772212','','Rubye Stanton','','Incidunt et debitis tenetur.',2,2,4,1,2,'2016-01-27 16:19:18','2016-01-17 02:08:09'),(70,'0854608042401','','Prof. Mike Shanahan','','Aut vel pariatur deleniti ratione porro.',2,4,3,1,4,'2016-01-27 16:19:18','2016-01-17 02:08:09'),(71,'4859449143696','','Prof. Jasen White III','','Debitis voluptate sint similique iure beatae delectus voluptatem.',2,3,4,0,4,'2016-01-27 16:18:21','2016-01-17 02:08:09'),(72,'6225814624011','','Alessandro Bergnaum','','Quibusdam reiciendis doloremque deleniti quia nulla.',3,4,3,0,4,'2016-01-27 16:19:18','2016-01-17 02:08:09'),(73,'4142194827110','','Mrs. Sienna Dare II','','Deleniti vel numquam sed nobis.',2,3,4,0,1,'2016-01-27 16:19:18','2016-01-17 02:08:09'),(74,'5382540848287','','Landen Hammes','','Et provident commodi expedita molestiae.',3,5,4,0,3,'2016-01-27 16:19:18','2016-01-17 02:08:09'),(75,'1192840346345','','Kylie Gottlieb','','Quis occaecati nisi tempora sit labore labore.',4,4,2,0,3,'2016-01-27 16:18:21','2016-01-17 02:08:09'),(76,'5806902990327','','Wendell Heidenreich','','Quos magnam nihil minima et.',3,2,4,0,2,'2016-01-27 16:19:18','2016-01-17 02:08:09'),(77,'9688318883631','','Vincenza Walker','','Porro qui porro incidunt quia qui sit.',1,2,1,1,3,'2016-01-27 16:18:21','2016-01-17 02:08:10'),(78,'4489770155985','','Reed Schultz','','Necessitatibus ullam dicta in eius ullam nemo dolorum.',4,3,2,1,4,'2016-01-27 16:18:21','2016-01-17 02:08:10'),(79,'8004700697098','','Ms. Novella Schinner I','','Molestias architecto deleniti rerum nemo officia.',2,2,3,1,2,'2016-01-27 16:19:18','2016-01-17 02:08:10'),(80,'4723677695985','','Dr. Philip Mann','','Quis consequuntur porro quisquam beatae repellat qui aut et.',2,2,4,1,3,'2016-01-27 16:19:18','2016-01-17 02:08:10'),(81,'7227051187570','','Miss Lauryn Bernier Sr.','','Reprehenderit illum et nihil incidunt dolor nesciunt.',2,3,1,0,2,'2016-01-27 16:17:53','2016-01-17 02:08:10'),(82,'4996671655327','','Prof. Serena Lind','','Et qui incidunt fugit.',3,4,1,1,2,'2016-01-27 16:19:18','2016-01-17 02:08:10'),(83,'3962812425594','','Mrs. Zetta Bartell IV','','Ut occaecati ad ratione sint qui quia.',2,1,3,0,4,'2016-01-27 16:19:18','2016-01-17 02:08:10'),(84,'2759638864376','','Abner Koch','','Cupiditate laboriosam dolor provident sed debitis.',2,4,3,0,4,'2016-01-27 16:18:21','2016-01-17 02:08:10'),(85,'8126953208842','','Miss Kallie Altenwerth','','Ducimus asperiores reiciendis aperiam quod qui mollitia quis.',2,2,3,0,3,'2016-01-27 16:19:18','2016-01-17 02:08:10'),(86,'1336878345950','','Delaney Turner','','Quam dolor ex nesciunt nihil laborum autem.',2,1,1,1,3,'2016-01-27 16:19:18','2016-01-17 02:08:10'),(87,'4193212938424','','Evalyn Cassin','','Explicabo quam suscipit debitis dolore ut.',2,2,4,0,1,'2016-01-27 16:19:18','2016-01-17 02:08:10'),(88,'7865380581685','','Coby Grant V','','Optio qui non dolorum est.',1,4,4,1,3,'2016-01-27 16:19:18','2016-01-17 02:08:10'),(89,'6498403196446','','Seamus Herman','','Suscipit qui ea aliquam sunt aut quia minima.',2,2,1,1,1,'2016-01-27 16:18:21','2016-01-17 02:08:10'),(90,'6760062851869','','Dr. Valentin Berge II','','Modi necessitatibus eum quaerat tempore ad veritatis.',2,2,2,1,2,'2016-01-27 16:19:18','2016-01-17 02:08:10'),(91,'9817327607956','','Hipolito Emard I','','Quo quia deleniti fuga consequuntur doloremque.',1,3,1,0,3,'2016-01-27 16:19:18','2016-01-17 02:08:10'),(92,'2776215938183','','Ona Rogahn','','Ratione dolores qui omnis provident dolores neque ut ut.',2,3,2,0,2,'2016-01-27 16:19:18','2016-01-17 02:08:10'),(93,'2124390763821','','Shane Buckridge','','Est voluptatem quidem ex voluptas rerum.',3,4,4,1,4,'2016-01-27 16:19:18','2016-01-17 02:08:10'),(94,'1721368545758','','Prof. Ted Gislason','','Consequatur non et et et omnis odit et voluptas.',4,1,3,0,3,'2016-01-27 16:19:18','2016-01-17 02:08:10'),(95,'6311681087995','','Rosanna Mann','','Earum dolor consequatur quis iure repellat dicta doloremque.',3,3,4,0,3,'2016-01-27 16:19:18','2016-01-17 02:08:10'),(96,'6029204085402','','Lionel Zieme','','Ut ducimus porro velit non aspernatur sunt.',3,2,3,1,4,'2016-01-27 16:19:18','2016-01-17 02:08:10'),(97,'3295859464388','','Elwyn Ortiz','','Quia repellat distinctio sint vel.',3,5,3,0,3,'2016-01-27 16:19:18','2016-01-17 02:08:10'),(98,'5509792122600','','Jeff Kihn MD','','Explicabo porro corporis iste delectus.',3,4,3,1,2,'2016-01-27 16:19:18','2016-01-17 02:08:10'),(99,'5500135950973','','Flavie Gibson','','Non expedita placeat inventore dolorem.',2,2,2,0,2,'2016-01-27 16:19:18','2016-01-17 02:08:10'),(100,'8507237408828','','Michelle Olson','','Perspiciatis fugiat autem labore aut laboriosam et mollitia.',2,5,1,0,1,'2016-01-27 16:19:18','2016-01-17 02:08:10'),(101,'7729772174186','','Ms. Romaine Kemmer','','Libero repudiandae error doloribus alias quis.',4,3,3,0,4,'2016-01-27 16:17:53','2016-01-17 02:08:11'),(102,'8085308720999','','Lolita Braun','','Placeat recusandae voluptatem tempore impedit rem magnam vitae et.',1,3,3,0,2,'2016-01-27 16:19:18','2016-01-17 09:25:30'),(103,'9329523104981','','Pete Runolfsson','','Est mollitia unde nisi ut explicabo ut dolor.',3,2,2,1,4,'2016-01-27 16:19:18','2016-01-17 09:25:30'),(104,'6058555763813','','Keely Runolfsdottir','','Veritatis saepe at deleniti id voluptatem sint debitis.',2,3,4,0,2,'2016-01-27 16:19:18','2016-01-17 09:25:30'),(105,'3930299326277','','Julien Welch','','Et eum voluptatem accusamus sapiente voluptatibus.',4,3,2,0,4,'2016-01-27 16:19:18','2016-01-17 09:25:30'),(106,'7236122860281','','Rupert Green','','Iure id atque omnis saepe.',2,4,4,1,3,'2016-01-27 16:19:18','2016-01-17 09:25:30'),(107,'0334418313026','','Alessandra Hilll','','Nisi qui iure sunt maiores maiores officiis.',1,5,4,1,3,'2016-01-27 16:19:18','2016-01-17 09:25:30'),(108,'0436379548728','','Dr. Dale Lebsack DDS','','Quo quo aliquid minima impedit quis.',4,3,2,0,1,'2016-01-27 16:19:18','2016-01-17 09:25:30'),(109,'5973839486299','','Leda Berge','','Eius aut labore unde voluptate deserunt.',4,2,1,1,2,'2016-01-27 16:19:18','2016-01-17 09:25:30'),(110,'2529670955598','','Arne Barton','','Reiciendis nemo assumenda dignissimos rerum ipsa.',2,1,3,1,2,'2016-01-27 16:19:18','2016-01-17 09:25:30'),(111,'5573348546349','','Flavio Miller','','Amet quam facilis aut deserunt in voluptatibus.',3,3,2,0,2,'2016-01-27 16:19:18','2016-01-17 09:25:30'),(112,'5054086605616','','Cecilia Weimann Sr.','','Nulla iste eos ea voluptatem voluptates inventore ipsa amet.',3,1,2,0,1,'2016-01-27 16:19:18','2016-01-17 09:25:30'),(113,'1734310544891','','Leone Reichel','','Vel modi dicta eum quaerat.',3,2,2,1,3,'2016-01-27 16:17:53','2016-01-17 09:25:30'),(114,'5114963362817','','Rodrick Wiegand','','Hic nihil nemo ea.',3,1,4,0,2,'2016-01-27 16:18:21','2016-01-17 09:25:30'),(115,'3224738586491','','Kellen Becker','','Et suscipit vero molestias provident totam.',2,4,3,0,2,'2016-01-27 16:19:18','2016-01-17 09:25:30'),(116,'9357734056393','','Estelle Price Jr.','','In ipsum eveniet et modi.',4,4,3,1,2,'2016-01-27 16:19:18','2016-01-17 09:25:30'),(117,'2290363432572','','Mrs. Magdalena Baumbach DDS','','Aliquam deserunt non ut deleniti.',1,2,3,1,1,'2016-01-27 16:19:18','2016-01-17 09:25:30'),(118,'0503319284999','','Alexane Langosh','','Ipsum totam totam maiores voluptas et fuga.',2,4,4,1,4,'2016-01-27 16:18:21','2016-01-17 09:25:30'),(119,'5115216252206','','Mrs. Glenna Raynor DVM','','Officiis eius ea expedita totam quia quam.',2,3,2,0,1,'2016-01-27 16:19:18','2016-01-17 09:25:30'),(120,'6208181446691','','Jaylen Schmidt','','Corporis nemo et assumenda.',3,4,3,1,4,'2016-01-27 16:19:18','2016-01-17 09:25:30'),(121,'3787084657425','','Harmon Corwin PhD','','Dolorem mollitia nostrum illo accusamus voluptas.',4,3,1,0,4,'2016-01-27 16:19:18','2016-01-17 09:25:30'),(122,'4102930654806','','Reba Kunze','','Ex dolor dolorum sint minus.',1,2,4,0,4,'2016-01-27 16:19:18','2016-01-17 09:25:30'),(123,'8117298675796','','Kay VonRueden','','Quae aut deserunt non totam quasi ratione.',3,4,3,0,3,'2016-01-27 16:19:18','2016-01-17 09:25:30'),(124,'3858181401805','','Jarrod Shields','','Debitis accusantium quod maxime dolorem.',2,4,1,0,4,'2016-01-27 16:19:18','2016-01-17 09:25:30'),(125,'8852835286508','','Prof. Zion Runte Sr.','','Iste quia ea accusamus qui neque quia repudiandae.',2,3,1,0,3,'2016-01-27 16:19:18','2016-01-17 09:25:30'),(126,'8807246416914','','Santa Homenick','','Expedita aut neque et molestias natus ut eos.',1,4,1,1,2,'2016-01-27 16:19:18','2016-01-17 09:25:30'),(127,'8027101911143','','Dena Huels','','Fugiat delectus sit tenetur ut.',2,4,3,0,1,'2016-01-27 16:19:18','2016-01-17 09:25:30'),(128,'5530551625766','','Norberto Thiel','','Dolor et consequuntur praesentium vitae ullam est.',1,1,3,1,1,'2016-01-27 16:19:18','2016-01-17 09:25:30'),(129,'4943452903054','','Dr. Baron Welch DDS','','Veniam inventore maiores sapiente et aut consequatur sit maxime.',3,4,2,0,4,'2016-01-27 16:19:18','2016-01-17 09:25:30'),(130,'6985406176938','','Mrs. Marge Haag I','','Et pariatur corporis non consequatur ea.',2,3,3,1,3,'2016-01-27 16:19:18','2016-01-17 09:25:30'),(131,'4601704133399','','Carlotta Runte','','Repudiandae voluptas earum quo eos corrupti in.',2,1,2,1,2,'2016-01-27 16:19:18','2016-01-17 09:25:30'),(132,'1757320802034','','Delia Barton','','Distinctio sed consequatur voluptate sit molestiae reprehenderit.',4,4,2,1,3,'2016-01-27 16:18:21','2016-01-17 09:25:30'),(133,'0630025465838','','Dillan Keeling','','Velit nostrum impedit odio esse est sed.',2,4,2,1,3,'2016-01-27 16:19:18','2016-01-17 09:25:30'),(134,'4389950879888','','Dr. Louvenia Quigley V','','Vel iste eos ut in veniam beatae voluptatem.',2,3,4,1,3,'2016-01-27 16:19:18','2016-01-17 09:25:31'),(135,'4429790880764','','Lolita Kuvalis','','Laudantium dolores hic debitis dolorem.',2,4,1,0,4,'2016-01-27 16:19:18','2016-01-17 09:25:31'),(136,'8251600857972','','Carey Kuvalis','','Alias reprehenderit dignissimos libero rerum velit et qui.',3,3,3,1,1,'2016-01-27 16:19:18','2016-01-17 09:25:31'),(137,'6008874011379','','Sibyl Bosco PhD','','Autem neque odio ullam exercitationem consequatur et enim quia.',1,1,2,1,4,'2016-01-27 16:18:21','2016-01-17 09:25:31'),(138,'2750205978663','','Maximo Zemlak','','Quia expedita voluptatem incidunt alias sint.',3,1,1,1,1,'2016-01-27 16:18:21','2016-01-17 09:25:31'),(139,'7058841191244','','Sandrine Reilly','','Atque autem omnis rem et.',3,2,2,0,1,'2016-01-27 16:19:18','2016-01-17 09:25:31'),(140,'7082033831724','','Garret Predovic','','Voluptatem et vel deserunt aspernatur culpa modi veniam.',2,2,1,1,1,'2016-01-27 16:19:18','2016-01-17 09:25:31'),(141,'2863742619729','','Mrs. Johanna Ruecker PhD','','Quidem atque laudantium nihil.',1,4,3,1,1,'2016-01-27 16:19:18','2016-01-17 09:25:31'),(142,'3486098800802','','Adaline Pfeffer','','Est et qui itaque doloremque aut commodi et.',3,3,2,1,1,'2016-01-27 16:19:18','2016-01-17 09:25:31'),(143,'6907478716072','','Jaida Cassin','','Et non ad rem.',2,1,1,0,3,'2016-01-27 16:19:18','2016-01-17 09:25:31'),(144,'9126627350760','','Dr. Alexandre Fisher DVM','','Et minus expedita est.',2,1,3,0,3,'2016-01-27 16:19:18','2016-01-17 09:25:31'),(145,'2406528846881','','Nickolas Graham V','','In non rerum est quia ex ad.',3,1,2,1,2,'2016-01-27 16:19:18','2016-01-17 09:25:31'),(146,'0703090818691','','Eleonore O\'Conner PhD','','In vero vel adipisci vero quis ipsum consequatur maiores.',4,2,1,1,3,'2016-01-27 16:19:18','2016-01-17 09:25:31'),(147,'6760938341913','','Prof. Iliana Bahringer DVM','','Iure sit culpa harum dolores.',2,2,2,1,4,'2016-01-27 16:19:18','2016-01-17 09:25:31'),(148,'9591460199133','','Jacinto Stanton','','Est reiciendis culpa ut corporis.',2,4,4,0,1,'2016-01-27 16:19:18','2016-01-17 09:25:31'),(149,'2094144050203','','Arno King','','Ut asperiores sint et qui ea voluptas quisquam.',4,4,1,1,3,'2016-01-27 16:19:18','2016-01-17 09:25:31'),(150,'6054836398262','','Lempi Gutmann','','Quam et deleniti laudantium.',3,2,2,1,2,'2016-01-27 16:19:18','2016-01-17 09:25:31'),(151,'8442636561234','','Marcus Mraz','','Enim amet placeat aut in quisquam.',1,1,1,0,1,'2016-01-27 16:18:21','2016-01-17 09:25:31'),(152,'5530269453842','','Dr. Nola Murazik V','','Enim quod iste corrupti in.',2,4,2,1,2,'2016-01-27 16:19:18','2016-01-17 09:25:31'),(153,'8700503912177','','Jewell Abshire','','Et ullam ut quis animi culpa.',2,4,1,1,2,'2016-01-27 16:19:18','2016-01-17 09:25:31'),(154,'2821626624146','','Prof. Cora Cruickshank','','Non aliquid aspernatur ullam aut vel ex.',3,4,1,1,1,'2016-01-27 16:19:18','2016-01-17 09:25:31'),(155,'7090031771737','','Dr. Leonie Runolfsdottir','','Illo sint dolorum laborum recusandae.',3,1,1,0,3,'2016-01-27 16:18:21','2016-01-17 09:25:31'),(156,'7306817926742','','Mrs. Krystel O\'Conner','','Commodi nihil magni voluptatibus sed sed.',3,5,4,1,4,'2016-01-27 16:19:18','2016-01-17 09:25:31'),(157,'9685154338424','','Prof. Timmothy Cruickshank','','Sapiente praesentium optio quas minus in.',2,3,3,0,2,'2016-01-27 16:19:18','2016-01-17 09:25:31'),(158,'2250407267089','','Angelica Rowe','','Ut totam itaque eum nesciunt quos quos nihil.',4,5,3,1,1,'2016-01-27 16:19:18','2016-01-17 09:25:31'),(159,'0744347837362','','Lorenz Ziemann','','Aut quia qui repellendus qui nihil eaque.',1,2,3,0,1,'2016-01-27 16:18:21','2016-01-17 09:25:31'),(160,'9023347757292','','Will King IV','','Eveniet quis possimus quae nihil quaerat vero quos.',3,3,3,1,2,'2016-01-27 16:19:18','2016-01-17 09:25:31'),(161,'3453250125417','','Leon Connelly MD','','Animi soluta quod quisquam voluptatem molestias.',1,3,1,1,2,'2016-01-27 16:19:18','2016-01-17 09:25:31'),(162,'6213440560667','','Dannie Jenkins','','Voluptates ex reprehenderit nisi dolor.',2,2,1,1,2,'2016-01-27 16:19:18','2016-01-17 09:25:31'),(163,'1504159657621','','Ivah Hauck','','Voluptate totam animi saepe quis.',3,4,4,0,1,'2016-01-27 16:19:18','2016-01-17 09:25:31'),(164,'8687904449948','','Dr. Rosamond Frami','','Cumque sint repellat temporibus.',3,5,4,1,1,'2016-01-27 16:19:18','2016-01-17 09:25:31'),(165,'6491776408215','','Margarett Kovacek','','Rem non possimus saepe nesciunt.',3,3,2,0,2,'2016-01-27 16:19:18','2016-01-17 09:25:31'),(166,'2137389677498','','Alvena Stark V','','Dolores tenetur at et sit sint.',1,5,4,0,2,'2016-01-27 16:18:21','2016-01-17 09:25:31'),(167,'3010738042798','','Mr. Miguel Labadie IV','','Voluptas esse aspernatur explicabo quis molestiae sapiente porro.',2,4,4,0,1,'2016-01-27 16:19:18','2016-01-17 09:25:31'),(168,'3554136826098','','Darwin Dickens IV','','Maiores similique commodi in error cumque eaque in.',3,1,1,0,3,'2016-01-27 16:18:21','2016-01-17 09:25:31'),(169,'3857091385113','','Prof. Ashlee Fay II','','Ut incidunt odit rerum quae.',2,4,3,0,1,'2016-01-27 16:18:21','2016-01-17 09:25:31'),(170,'7621749978936','','Joaquin Purdy','','Qui ad necessitatibus quidem et fugiat asperiores.',3,2,3,1,2,'2016-01-27 16:19:18','2016-01-17 09:25:31'),(171,'6211691049580','','Benny Mann','','Consequatur iure vel soluta et nostrum voluptate.',3,3,2,0,4,'2016-01-27 16:18:21','2016-01-17 09:25:31'),(172,'2062666618126','','Taurean Luettgen','','Minima molestias itaque excepturi odit sit tempora maiores.',2,2,2,0,1,'2016-01-27 16:18:21','2016-01-17 09:25:31'),(173,'6856227275844','','Jensen Konopelski','','Dolorem adipisci illum dolorem quidem dolore nulla non.',4,4,1,1,4,'2016-01-27 16:19:18','2016-01-17 09:25:31'),(174,'6769903541198','','Jeanette Streich III','','Similique quia quia temporibus et delectus cumque voluptate.',3,1,2,1,3,'2016-01-27 16:18:21','2016-01-17 09:25:31'),(175,'8247121870347','','Melvina Stroman','','Velit dolor eum qui doloremque nesciunt minima.',3,4,1,0,2,'2016-01-27 16:19:18','2016-01-17 09:25:31'),(176,'8589614952476','','Ubaldo Kuvalis','','Esse non quasi sit optio excepturi et saepe dolorem.',2,5,4,0,1,'2016-01-27 16:18:21','2016-01-17 09:25:31'),(177,'7769636335308','','Prof. Deanna Schmitt Sr.','','Numquam temporibus dolorem mollitia exercitationem voluptatem ipsam cupiditate.',1,3,4,0,2,'2016-01-27 16:19:18','2016-01-17 09:25:31'),(178,'7011986440653','','Toby Fisher','','Officiis aut assumenda qui et impedit nemo in ut.',4,3,3,0,4,'2016-01-27 16:19:18','2016-01-17 09:25:31'),(179,'8831150871613','','Rodrigo Kihn','','Perspiciatis asperiores expedita ab quam totam possimus et.',2,4,1,0,3,'2016-01-27 16:19:18','2016-01-17 09:25:31'),(180,'3508239956121','','Maiya Beier','','Voluptates unde ut eveniet itaque et facere.',2,5,3,1,2,'2016-01-27 16:19:18','2016-01-17 09:25:31'),(181,'4656785474022','','Dr. Newell Kerluke','','Perferendis est eligendi nisi sunt voluptates.',2,4,1,0,3,'2016-01-27 16:19:18','2016-01-17 09:25:31'),(182,'5418561500931','','Dr. Sanford Runte','','Rerum repudiandae aliquid odio consectetur ut.',1,2,4,0,4,'2016-01-27 16:19:18','2016-01-17 09:25:31'),(183,'4626770293914','','Dr. Sofia Conroy','','Atque doloremque laboriosam dignissimos voluptas possimus.',4,4,1,1,3,'2016-01-27 16:19:18','2016-01-17 09:25:31'),(184,'7469145772433','','Mrs. Bianka Swaniawski DDS','','Suscipit voluptatibus quasi ut.',3,5,2,0,3,'2016-01-27 16:19:18','2016-01-17 09:25:31'),(185,'1077432881001','','Beryl Hilll Sr.','','Id voluptas dolorem officia sit.',2,4,1,0,3,'2016-01-27 16:19:18','2016-01-17 09:25:31'),(186,'0553750653113','','Marshall Purdy DVM','','Maiores quis consequatur aut et.',2,3,3,1,3,'2016-01-27 16:18:21','2016-01-17 09:25:31'),(187,'1718261149824','','Donnie Wyman','','Officia sint sequi et porro amet eligendi ullam.',2,2,4,0,2,'2016-01-27 16:19:18','2016-01-17 09:25:31'),(188,'1263171554928','','Eulalia Schulist','','Nemo explicabo dolorem praesentium et.',3,4,2,0,4,'2016-01-27 16:19:18','2016-01-17 09:25:31'),(189,'0992716199911','','Eula Schuster','','Aut eum optio eos vero et dolorum excepturi.',2,2,2,1,3,'2016-01-27 16:19:18','2016-01-17 09:25:31'),(190,'5671012263704','','Vickie Dicki','','Accusamus nemo dolores excepturi similique.',3,2,3,1,1,'2016-01-27 16:19:18','2016-01-17 09:25:31'),(191,'9295353764636','','Reba Stehr','','Nam suscipit corporis officiis.',1,2,2,1,3,'2016-01-27 16:17:53','2016-01-17 09:25:31'),(192,'4114389809485','','Natalie Kassulke','','Itaque consectetur accusantium inventore debitis nihil dolorem culpa.',2,1,3,0,3,'2016-01-27 16:19:18','2016-01-17 09:25:31'),(193,'3238070831287','','Carrie Blanda','','Nostrum ex laboriosam quia maxime doloremque.',3,4,1,1,3,'2016-01-27 16:18:21','2016-01-17 09:25:31'),(194,'8874302114053','','Johathan Bins','','Modi reprehenderit adipisci libero ducimus.',4,5,2,1,4,'2016-01-27 16:19:18','2016-01-17 09:25:31'),(195,'1078873203056','','Sean O\'Keefe','','Molestias asperiores eos consequatur vero a veniam iste.',2,2,3,1,2,'2016-01-27 16:19:18','2016-01-17 09:25:31'),(196,'1641596193739','','Prof. Conor Stracke','','Eos quia explicabo ducimus.',3,3,2,1,4,'2016-01-27 16:18:21','2016-01-17 09:25:31'),(197,'2473156538921','','Ms. Lelah Wilkinson','','Recusandae nihil inventore explicabo incidunt reiciendis ipsa.',2,5,2,0,3,'2016-01-27 16:19:18','2016-01-17 09:25:31'),(198,'3005181551041','','Mr. Lavern Zemlak Jr.','','Sapiente est dolor mollitia quia quia et.',2,2,2,0,4,'2016-01-27 16:19:18','2016-01-17 09:25:31'),(199,'0062800710527','','Christopher Wintheiser','','Voluptatem reprehenderit voluptatem vel quis quo corporis dicta.',2,1,3,1,2,'2016-01-27 16:19:18','2016-01-17 09:25:31'),(200,'5430313958388','','Prof. Cooper Morissette','','Aut cumque omnis et asperiores dolores.',2,4,4,1,4,'2016-01-27 16:19:18','2016-01-17 09:25:31'),(201,'2312413508607','','Newell Tromp I','','Sequi non deleniti placeat porro ducimus aut.',1,3,4,1,1,'2016-01-27 16:19:18','2016-01-17 09:25:31'),(202,'1272459783523','','Miss Nelle Leannon','','Itaque omnis quasi et rem optio fuga.',3,2,1,1,1,'2016-01-27 16:19:18','2016-01-17 09:25:38'),(203,'7201579074796','','Mr. Ian Greenholt DVM','','Similique perferendis exercitationem beatae.',3,4,1,0,4,'2016-01-27 16:19:18','2016-01-17 09:25:38'),(204,'8049532694457','','Dr. Georgianna Welch','','Soluta dolor eius tenetur est sed perspiciatis quo voluptatem.',2,3,3,1,1,'2016-01-27 16:19:18','2016-01-17 09:25:38'),(205,'7557633234812','','Dortha O\'Connell','','Perferendis quisquam maiores sunt explicabo.',2,4,1,0,3,'2016-01-27 16:19:18','2016-01-17 09:25:38'),(206,'2152129910604','','Alek Rogahn','','Animi ut blanditiis et numquam quis autem eos.',2,2,4,0,4,'2016-01-27 16:19:18','2016-01-17 09:25:38'),(207,'1452650304363','','Coby Boyer','','Nihil perspiciatis minus perferendis commodi quidem est aut.',3,2,1,0,3,'2016-01-27 16:19:18','2016-01-17 09:25:38'),(208,'8494617248191','','Prof. Catharine Rippin','','Impedit et maxime quia non sed mollitia eligendi quia.',2,1,3,0,1,'2016-01-27 16:17:53','2016-01-17 09:25:38'),(209,'8109496620579','','Whitney Stracke','','Dolorum laudantium qui vel aut vitae alias eum ut.',1,4,3,0,4,'2016-01-27 16:19:18','2016-01-17 09:25:38'),(210,'1412925446600','','Maeve Gorczany','','Dolores voluptatem quis quibusdam aut sunt.',2,4,4,0,3,'2016-01-27 16:19:18','2016-01-17 09:25:38'),(211,'1179393057003','','Lizeth Roob','','Qui quia dolorum suscipit est fuga et.',3,4,3,0,4,'2016-01-27 16:19:18','2016-01-17 09:25:38'),(212,'6263591371919','','Milo Romaguera','','Aut incidunt nemo et voluptates consequatur ut omnis.',3,4,4,0,1,'2016-01-27 16:19:18','2016-01-17 09:25:38'),(213,'4579730153622','','Viviane Schuppe','','Nihil facilis animi reiciendis nostrum.',3,1,1,1,4,'2016-01-27 16:18:21','2016-01-17 09:25:38'),(214,'0409523510643','','Terrence Auer III','','Ut ab enim eius nulla non quia commodi.',4,1,4,0,3,'2016-01-27 16:18:21','2016-01-17 09:25:38'),(215,'0051640252410','','Chaz Williamson DDS','','Error laudantium qui voluptas.',3,5,2,0,3,'2016-01-27 16:19:18','2016-01-17 09:25:38'),(216,'2438265517311','','Mr. Kamren Hane V','','Voluptas omnis nobis doloremque ipsum illo nihil sit.',1,4,1,1,3,'2016-01-27 16:19:18','2016-01-17 09:25:38'),(217,'3975651343936','','Newton Bayer','','Qui cupiditate et repellendus ut iure error.',3,3,3,1,1,'2016-01-27 16:17:53','2016-01-17 09:25:38'),(218,'1415652274348','','Rose Davis DDS','','Soluta fugiat velit magnam et quia.',2,5,2,1,1,'2016-01-27 16:18:21','2016-01-17 09:25:38'),(219,'6388311533184','','Lelia Raynor V','','Quia facilis nam laudantium.',3,1,3,1,3,'2016-01-27 16:19:18','2016-01-17 09:25:38'),(220,'6792026915911','','Blake Renner','','Temporibus velit quia iusto nihil non.',2,3,3,0,4,'2016-01-27 16:19:18','2016-01-17 09:25:38'),(221,'8475812864911','','Ryley Schmeler Sr.','','Aperiam consequuntur et consequuntur nulla illo.',4,2,1,1,1,'2016-01-27 16:19:18','2016-01-17 09:25:38'),(222,'0261950944800','','Prof. Jose Heathcote','','Neque nihil quos esse et qui voluptatibus eos.',2,2,1,1,2,'2016-01-27 16:19:18','2016-01-17 09:25:38'),(223,'4235466355357','','Rossie Barton','','Nobis eum sit molestias.',2,1,1,0,3,'2016-01-27 16:19:18','2016-01-17 09:25:38'),(224,'6121488805179','','Ms. Alberta Ortiz PhD','','Et eum suscipit ab ea accusamus adipisci ab.',3,3,3,0,2,'2016-01-27 16:19:18','2016-01-17 09:25:38'),(225,'0586046531406','','Mrs. Emmy Baumbach','','Est numquam explicabo quia ut.',1,2,1,0,1,'2016-01-27 16:19:18','2016-01-17 09:25:38'),(226,'4298698338598','','Abbey Hamill','','Atque temporibus accusamus dolores a nemo omnis.',4,2,1,0,3,'2016-01-27 16:19:18','2016-01-17 09:25:38'),(227,'7591720991585','','Prof. Ubaldo Zieme DDS','','Tempora odit dicta sunt et facere.',2,2,3,1,3,'2016-01-27 16:19:18','2016-01-17 09:25:38'),(228,'0927836361023','','Donny Altenwerth','','Dolor repellendus sed maxime pariatur quas sit.',3,3,2,1,1,'2016-01-27 16:19:18','2016-01-17 09:25:38'),(229,'6501905413291','','Georgiana Douglas','','Cum porro optio eligendi sit.',1,2,4,0,1,'2016-01-27 16:19:18','2016-01-17 09:25:38'),(230,'8186565789177','','Garret Bailey I','','Sint voluptatibus aliquam animi ut.',2,2,4,0,3,'2016-01-27 16:19:18','2016-01-17 09:25:38'),(231,'4274981516348','','Zelma White','','Magni quia maxime eligendi suscipit.',4,5,3,0,3,'2016-01-27 16:18:21','2016-01-17 09:25:38'),(232,'9060446183317','','Chelsea Bradtke','','Accusantium dolore in est excepturi nihil et.',1,2,3,1,3,'2016-01-27 16:19:18','2016-01-17 09:25:38'),(233,'9963330781906','','Miss Daphnee D\'Amore I','','Quasi assumenda quis praesentium amet repellat.',3,5,2,0,2,'2016-01-27 16:19:18','2016-01-17 09:25:38'),(234,'4170960671360','','Louvenia Buckridge','','Culpa doloribus et voluptate qui delectus tempora voluptatem rem.',2,2,4,0,2,'2016-01-27 16:18:21','2016-01-17 09:25:38'),(235,'6328956600988','','Arvel Rutherford','','Molestiae sed rerum nihil iste suscipit ex.',2,1,4,1,4,'2016-01-27 16:18:21','2016-01-17 09:25:38'),(236,'0099328515853','','Matilda Bode V','','Omnis alias provident iure et quos voluptatem.',1,1,1,1,1,'2016-01-27 16:19:18','2016-01-17 09:25:38'),(237,'6731974951435','','Verner Reilly','','Debitis quo sunt accusamus voluptatem sed.',3,5,2,0,3,'2016-01-27 16:18:21','2016-01-17 09:25:38'),(238,'3032503878661','','Ryleigh Hills','','Ut omnis officiis voluptate vero.',3,4,2,1,2,'2016-01-27 16:18:21','2016-01-17 09:25:38'),(239,'7217572869000','','Miss Lea Ernser','','Adipisci qui esse adipisci ut aut nam dolorum.',2,5,4,1,4,'2016-01-27 16:19:18','2016-01-17 09:25:38'),(240,'0266602315366','','Prof. Araceli Eichmann PhD','','Possimus exercitationem alias officiis consectetur.',3,2,1,0,1,'2016-01-27 16:18:21','2016-01-17 09:25:38'),(241,'6966440571583','','Marilie Romaguera DVM','','Sit tempore officia soluta voluptates eaque quisquam laborum.',2,4,3,0,1,'2016-01-27 16:19:18','2016-01-17 09:25:38'),(242,'3891797209267','','Jacklyn Simonis Sr.','','Et dolor ea qui expedita molestias.',1,1,2,1,2,'2016-01-27 16:19:18','2016-01-17 09:25:38'),(243,'3461529141846','','Miss Joy Gutmann II','','Earum consequatur aut iure ab quia et.',3,4,3,0,1,'2016-01-27 16:19:18','2016-01-17 09:25:38'),(244,'6186097939622','','Carlos Mosciski Sr.','','Voluptatem eligendi et sit deleniti commodi.',3,4,3,1,4,'2016-01-27 16:19:18','2016-01-17 09:25:38'),(245,'1809076175143','','Trace Nikolaus','','Quas ut velit porro at vel.',4,4,4,1,2,'2016-01-27 16:19:18','2016-01-17 09:25:38'),(246,'4318654672839','','Kenny Rogahn','','Id doloribus atque blanditiis et repudiandae occaecati.',3,3,3,1,1,'2016-01-27 16:19:18','2016-01-17 09:25:38'),(247,'0006665211195','','Prof. Immanuel Beer III','','Numquam quo alias rerum saepe.',2,1,2,1,2,'2016-01-27 16:19:18','2016-01-17 09:25:38'),(248,'9837188658126','','Alexys Hammes','','Molestias provident aut debitis sed magnam et.',1,4,1,1,4,'2016-01-27 16:19:18','2016-01-17 09:25:38'),(249,'5582848293608','','Rolando Rempel','','Ut vel ut fugiat delectus esse et.',4,4,4,1,1,'2016-01-27 16:19:18','2016-01-17 09:25:38'),(250,'2456296723747','','Randal McDermott','','Voluptas quia perspiciatis voluptatem unde dolor.',2,4,1,1,4,'2016-01-27 16:19:18','2016-01-17 09:25:39'),(251,'0637662062994','','Jennings Shanahan','','Eos unde dignissimos nobis est dolor veritatis.',2,4,4,0,4,'2016-01-27 16:19:18','2016-01-17 09:25:39'),(252,'1990683032902','','Mr. Murl Treutel DDS','','Quia inventore magni mollitia quo ut vel.',4,2,1,1,3,'2016-01-27 16:19:18','2016-01-17 09:25:39'),(253,'7654286231998','','Casimer Nienow','','Qui voluptas odit et praesentium tempora quibusdam quae adipisci.',2,4,3,1,2,'2016-01-27 16:18:21','2016-01-17 09:25:39'),(254,'1625404467359','','Elsa Lindgren','','Voluptates mollitia nobis nobis omnis.',2,3,1,0,2,'2016-01-27 16:19:18','2016-01-17 09:25:39'),(255,'3154151975544','','Mr. Tatum Walker MD','','Enim ut eligendi non nobis eos dolorem dolorem.',3,1,3,1,1,'2016-01-27 16:19:18','2016-01-17 09:25:39'),(256,'3756232845533','','Herminia Kemmer','','Et officia rerum aut doloremque dolorum placeat rem architecto.',1,3,2,1,1,'2016-01-27 16:19:18','2016-01-17 09:25:39'),(257,'6810043964245','','Mrs. Josianne Heidenreich','','Unde qui sit doloremque et nesciunt.',4,2,4,0,1,'2016-01-27 16:19:18','2016-01-17 09:25:39'),(258,'4021695125249','','Jena Botsford','','Nesciunt iste voluptas molestiae ipsam consequatur reiciendis quis.',4,1,3,0,1,'2016-01-27 16:19:18','2016-01-17 09:25:39'),(259,'9878140099274','','Moses Jenkins','','Asperiores magnam dolorem architecto totam tenetur veniam qui.',4,2,2,0,2,'2016-01-27 16:18:21','2016-01-17 09:25:39'),(260,'5391977768389','','Prof. Kaleb Ebert Sr.','','Quasi est perspiciatis quo quia distinctio ex sit.',3,3,2,1,1,'2016-01-27 16:19:18','2016-01-17 09:25:39'),(261,'8178587069405','','Frieda Littel','','Consequuntur laboriosam incidunt suscipit itaque.',2,3,3,1,2,'2016-01-27 16:19:18','2016-01-17 09:25:39'),(262,'3592190132472','','Reynold Wunsch','','Consequatur ex omnis nihil quam.',3,4,3,1,3,'2016-01-27 16:18:21','2016-01-17 09:25:39'),(263,'3057677030561','','Mr. Scot Runolfsdottir','','Porro et sit non qui dicta.',2,5,4,1,2,'2016-01-27 16:19:18','2016-01-17 09:25:39'),(264,'7285774249999','','Ashton Doyle','','Tempore qui sequi suscipit.',4,2,3,0,4,'2016-01-27 16:19:18','2016-01-17 09:25:39'),(265,'3103430046314','','Prof. Dawson Dickens PhD','','Dolores blanditiis deleniti sit deleniti consequatur voluptate iste.',1,5,3,1,2,'2016-01-27 16:18:21','2016-01-17 09:25:39'),(266,'2669340794444','','Ford Bartell','','Voluptate adipisci consequatur exercitationem quae laboriosam nemo.',2,1,2,1,1,'2016-01-27 16:19:18','2016-01-17 09:25:39'),(267,'2501521563152','','Freeda Zieme','','Occaecati et in quam itaque velit.',3,4,4,1,4,'2016-01-27 16:19:18','2016-01-17 09:25:39'),(268,'6404292220537','','Miss Rachel Upton','','Et odit sit quia officiis enim magnam.',4,1,4,1,2,'2016-01-27 16:19:18','2016-01-17 09:25:39'),(269,'4606186646290','','Dr. Constantin Bode Sr.','','Ut eligendi suscipit enim voluptate modi ab perferendis aut.',3,3,2,1,1,'2016-01-27 16:19:18','2016-01-17 09:25:39'),(270,'5759641051265','','Mr. Michel Wintheiser Sr.','','Beatae quae deleniti commodi nostrum harum aut deleniti.',2,2,2,0,2,'2016-01-27 16:19:18','2016-01-17 09:25:39'),(271,'7003939920855','','Roslyn Schmeler','','A dolores ullam laborum.',2,3,3,0,2,'2016-01-27 16:19:18','2016-01-17 09:25:39'),(272,'0671928254587','','Araceli Prosacco','','Quos ipsa minus corporis et rerum alias eum.',2,2,4,0,3,'2016-01-27 16:18:21','2016-01-17 09:25:39'),(273,'0563103594239','','Mr. Jovany Dooley','','Est unde autem est numquam qui.',3,3,1,1,2,'2016-01-27 16:19:18','2016-01-17 09:25:39'),(274,'6782367011076','','Ms. Beryl Beatty','','Iure unde atque cumque mollitia aut quisquam eveniet.',4,3,4,0,1,'2016-01-27 16:19:18','2016-01-17 09:25:39'),(275,'9993982311596','','Brigitte Runolfsson II','','Sit reprehenderit facere in consequuntur molestiae perferendis et nemo.',4,4,1,1,1,'2016-01-27 16:18:21','2016-01-17 09:25:39'),(276,'9936372137260','','Travon Schulist','','Eligendi laboriosam et autem.',1,2,1,1,1,'2016-01-27 16:19:18','2016-01-17 09:25:39'),(277,'7303265336574','','Berenice Gerhold','','Ea perferendis sapiente eius iure quia explicabo quis.',4,5,1,1,2,'2016-01-27 16:19:18','2016-01-17 09:25:39'),(278,'5713636791208','','Raymundo Quitzon','','Earum qui earum aut quia.',2,1,4,1,1,'2016-01-27 16:19:18','2016-01-17 09:25:39'),(279,'0345065617245','','Dr. Elfrieda Denesik V','','Nesciunt et accusamus eos nobis dignissimos est.',2,3,3,0,4,'2016-01-27 16:19:18','2016-01-17 09:25:39'),(280,'9444938627037','','Mrs. Viviane Fahey V','','Et architecto sed et.',2,3,3,1,1,'2016-01-27 16:19:18','2016-01-17 09:25:39'),(281,'6075785125181','','Jamaal Sauer','','Laudantium non et ad.',3,4,2,0,4,'2016-01-27 16:19:18','2016-01-17 09:25:39'),(282,'3841598923046','','Kaya Corwin Sr.','','Veritatis quo velit labore corporis reiciendis voluptatibus sequi.',3,3,3,0,2,'2016-01-27 16:17:53','2016-01-17 09:25:39'),(283,'1210199492176','','Angelita Wisoky','','Debitis voluptate voluptatem earum sunt similique velit itaque.',3,3,4,1,3,'2016-01-27 16:19:18','2016-01-17 09:25:39'),(284,'7515598178121','','Chad Watsica I','','Consectetur ut non doloremque tempore aliquam consequuntur suscipit.',1,3,4,0,1,'2016-01-27 16:19:18','2016-01-17 09:25:39'),(285,'6039392456526','','Mrs. Sandrine Heathcote V','','Est ducimus eum omnis quo corporis.',3,4,3,1,2,'2016-01-27 16:19:18','2016-01-17 09:25:39'),(286,'8555404103991','','Prof. Quinten Marks I','','Dolor harum doloremque reprehenderit deserunt ex.',2,2,4,0,4,'2016-01-27 16:19:18','2016-01-17 09:25:39'),(287,'1405519672165','','German Leuschke','','Quia veniam cupiditate et aspernatur velit doloremque necessitatibus ex.',3,4,1,0,4,'2016-01-27 16:18:21','2016-01-17 09:25:39'),(288,'9224425775560','','Prof. Elissa Schuster','','Nihil aut quisquam explicabo exercitationem fuga qui.',4,3,1,1,2,'2016-01-27 16:18:21','2016-01-17 09:25:39'),(289,'9312916558539','','Antwan Hintz Sr.','','Natus et ut saepe necessitatibus qui nam aspernatur.',4,2,1,1,4,'2016-01-27 16:19:18','2016-01-17 09:25:39'),(290,'3135253312208','','Prof. Yolanda Senger','','In enim reprehenderit nostrum qui perferendis ut.',2,4,4,1,3,'2016-01-27 16:19:18','2016-01-17 09:25:39'),(291,'8399877855984','','Prof. Mandy VonRueden','','Qui repellat voluptatem delectus ut ullam.',3,3,1,1,3,'2016-01-27 16:19:18','2016-01-17 09:25:39'),(292,'3725710851229','','Gunner Schneider IV','','Mollitia excepturi veniam vitae odio maiores.',2,2,1,0,1,'2016-01-27 16:19:18','2016-01-17 09:25:39'),(293,'6467205986319','','Billy Kessler','','Consequatur aspernatur quidem numquam et distinctio deleniti.',3,2,2,1,2,'2016-01-27 16:18:21','2016-01-17 09:25:39'),(294,'1462916797136','','Mariane Cole','','Aliquam pariatur nisi illum dolorum animi est.',4,3,1,0,3,'2016-01-27 16:19:18','2016-01-17 09:25:39'),(295,'9293708537706','','Mr. Johathan Bosco','','Molestiae libero sint laborum eligendi ut porro.',3,3,1,0,3,'2016-01-27 16:19:18','2016-01-17 09:25:39'),(296,'7884066000890','','Leopold Nader','','At rerum nesciunt odit non ullam voluptatum.',4,5,3,0,4,'2016-01-27 16:19:18','2016-01-17 09:25:39'),(297,'8477423910223','','Dayton Wisozk','','Numquam error consequatur placeat.',2,3,4,0,3,'2016-01-27 16:18:21','2016-01-17 09:25:39'),(298,'4804716154622','','Mr. Hermann Metz DDS','','Dolor accusamus architecto eos repellendus alias officiis consequatur.',2,3,3,1,3,'2016-01-27 16:17:53','2016-01-17 09:25:39'),(299,'7925501611131','','Jake Skiles I','','Qui expedita porro quas inventore molestiae.',1,4,1,1,2,'2016-01-27 16:19:18','2016-01-17 09:25:39'),(300,'7723654489856','','Natasha Huel','','Ipsam dolorem vel in ut ut aspernatur sit.',3,3,3,1,3,'2016-01-27 16:19:18','2016-01-17 09:25:39'),(301,'5087733403389','','Weldon McDermott','','Omnis sed ab quam maxime.',2,4,2,0,2,'2016-01-27 16:19:18','2016-01-17 09:25:39'),(302,'sp2','123','San pham 2','1453743529.jpg','Khon g biet mo ta',3,3,0,0,3,'2016-01-27 16:19:18','2016-01-25 10:38:49'),(303,'sp5','sp5111','San pham 5','1453817635.jpg','Dau goi dau',4,4,0,0,2,'2016-01-27 16:19:18','2016-01-26 07:13:55'),(304,'sp3','sp3','Dau goi dau 2','1453817779.jpg','Mo ta 3',2,5,0,0,1,'2016-01-27 16:19:18','2016-01-26 07:16:19'),(307,'sp4','sp41111','San pham 4','1453914401.jpg','Sn phm 4',4,1,0,0,2,'2016-01-27 10:06:41','2016-01-27 10:06:41'),(308,'sp6','sp6111','San Pham 6','1453984414.jpg','Mo ta 6',4,2,0,0,2,'2016-01-28 05:33:34','2016-01-28 05:33:34'),(309,'sp7','sp7','San pham 7','1453994515.jpg','San pham 7',3,1,0,0,2,'2016-01-28 08:21:55','2016-01-28 08:21:55'),(312,'sp8','sp8','Sn phm 8','1453994836.jpg','Sn phm 8',4,2,0,0,2,'2016-01-28 08:27:16','2016-01-28 08:27:16');
/*!40000 ALTER TABLE `products` ENABLE KEYS */;
UNLOCK TABLES;

--
-- Table structure for table `stocks`
--

DROP TABLE IF EXISTS `stocks`;
/*!40101 SET @saved_cs_client     = @@character_set_client */;
/*!40101 SET character_set_client = utf8 */;
CREATE TABLE `stocks` (
  `id` int(10) unsigned NOT NULL AUTO_INCREMENT,
  `name` varchar(255) COLLATE utf8_unicode_ci NOT NULL,
  `address` varchar(255) COLLATE utf8_unicode_ci NOT NULL,
  `created_at` timestamp NOT NULL DEFAULT CURRENT_TIMESTAMP ON UPDATE CURRENT_TIMESTAMP,
  `updated_at` timestamp NOT NULL DEFAULT '0000-00-00 00:00:00',
  PRIMARY KEY (`id`)
) ENGINE=InnoDB AUTO_INCREMENT=6 DEFAULT CHARSET=utf8 COLLATE=utf8_unicode_ci;
/*!40101 SET character_set_client = @saved_cs_client */;

--
-- Dumping data for table `stocks`
--

LOCK TABLES `stocks` WRITE;
/*!40000 ALTER TABLE `stocks` DISABLE KEYS */;
INSERT INTO `stocks` VALUES (1,'Tan Binh','Sai Gon','2016-01-25 18:05:39','0000-00-00 00:00:00'),(2,'Quan 7','Sai Gon','2016-01-25 18:05:39','0000-00-00 00:00:00'),(3,'Da Nang','Da Nang','2016-01-25 18:05:39','0000-00-00 00:00:00'),(4,'Ha Noi','Ha Noi','2016-01-25 18:05:39','0000-00-00 00:00:00'),(5,'Can Tho','Can Tho','2016-01-25 18:05:39','0000-00-00 00:00:00');
/*!40000 ALTER TABLE `stocks` ENABLE KEYS */;
UNLOCK TABLES;

--
-- Table structure for table `suppliers`
--

DROP TABLE IF EXISTS `suppliers`;
/*!40101 SET @saved_cs_client     = @@character_set_client */;
/*!40101 SET character_set_client = utf8 */;
CREATE TABLE `suppliers` (
  `id` int(10) unsigned NOT NULL AUTO_INCREMENT,
  `name` varchar(255) COLLATE utf8_unicode_ci NOT NULL,
  `address` varchar(255) COLLATE utf8_unicode_ci NOT NULL,
  `phone` varchar(255) COLLATE utf8_unicode_ci NOT NULL,
  `created_at` timestamp NOT NULL DEFAULT CURRENT_TIMESTAMP ON UPDATE CURRENT_TIMESTAMP,
  `updated_at` timestamp NOT NULL DEFAULT '0000-00-00 00:00:00',
  PRIMARY KEY (`id`)
) ENGINE=InnoDB DEFAULT CHARSET=utf8 COLLATE=utf8_unicode_ci;
/*!40101 SET character_set_client = @saved_cs_client */;

--
-- Dumping data for table `suppliers`
--

LOCK TABLES `suppliers` WRITE;
/*!40000 ALTER TABLE `suppliers` DISABLE KEYS */;
/*!40000 ALTER TABLE `suppliers` ENABLE KEYS */;
UNLOCK TABLES;

--
-- Table structure for table `users`
--

DROP TABLE IF EXISTS `users`;
/*!40101 SET @saved_cs_client     = @@character_set_client */;
/*!40101 SET character_set_client = utf8 */;
CREATE TABLE `users` (
  `id` int(10) unsigned NOT NULL AUTO_INCREMENT,
  `name` varchar(255) COLLATE utf8_unicode_ci NOT NULL,
  `email` varchar(255) COLLATE utf8_unicode_ci NOT NULL,
  `password` varchar(60) COLLATE utf8_unicode_ci NOT NULL,
  `remember_token` varchar(100) COLLATE utf8_unicode_ci DEFAULT NULL,
  `created_at` timestamp NOT NULL DEFAULT CURRENT_TIMESTAMP ON UPDATE CURRENT_TIMESTAMP,
  `updated_at` timestamp NOT NULL DEFAULT '0000-00-00 00:00:00',
  PRIMARY KEY (`id`),
  UNIQUE KEY `users_email_unique` (`email`)
) ENGINE=InnoDB AUTO_INCREMENT=2 DEFAULT CHARSET=utf8 COLLATE=utf8_unicode_ci;
/*!40101 SET character_set_client = @saved_cs_client */;

--
-- Dumping data for table `users`
--

LOCK TABLES `users` WRITE;
/*!40000 ALTER TABLE `users` DISABLE KEYS */;
INSERT INTO `users` VALUES (1,'tpphu','vietean@gmail.com','$2y$10$DK1sZQyRtUTiHCzmHWoYa.DUJEZQXLcBSyWH2QPN4np.Noq9l9X2S',NULL,'2016-01-16 04:05:49','2016-01-16 04:05:49');
/*!40000 ALTER TABLE `users` ENABLE KEYS */;
UNLOCK TABLES;
/*!40103 SET TIME_ZONE=@OLD_TIME_ZONE */;

/*!40101 SET SQL_MODE=@OLD_SQL_MODE */;
/*!40014 SET FOREIGN_KEY_CHECKS=@OLD_FOREIGN_KEY_CHECKS */;
/*!40014 SET UNIQUE_CHECKS=@OLD_UNIQUE_CHECKS */;
/*!40101 SET CHARACTER_SET_CLIENT=@OLD_CHARACTER_SET_CLIENT */;
/*!40101 SET CHARACTER_SET_RESULTS=@OLD_CHARACTER_SET_RESULTS */;
/*!40101 SET COLLATION_CONNECTION=@OLD_COLLATION_CONNECTION */;
/*!40111 SET SQL_NOTES=@OLD_SQL_NOTES */;

-- Dump completed on 2016-01-29 12:27:52
